אייקון,יום,תאריך,שם המקום,עדיפות,מיקום במפה,מזג אוויר אידיאלי,תיאור ומה ניתן לעשות,תחבורה והגעה ליעד,אזור במסלול,טווח שעות מומלץ,זמן מוערך,ימי סגירה / הערות חשובות,עלות משוערת (₪ ו-¥),איך ומתי להזמין,קישור,משך נסיעה מהיעד הקודם,ניווט גוגל מפות (מהיעד הקודם),סיכון,מתקנים ודרישות,מה צריך להכין מראש
🛬,01 (שלישי),13/10/2026,Haneda Airport Terminal 3,⭐⭐⭐⭐⭐ חובה,"2 Chome-6-5 Hanedakuko, Ota City, Tokyo 144-0041, Japan",הכל (מקורה),"נחיתה ביפן (22:20). [רמת עומס: 🟢 קל]

• איסוף מזוודות, ביקורת דרכונים ומכס. הצג קודי QR שהכנת מראש ב-Visit Japan Web כדי לזרז עניינים.

💡 Plan B עייפות/עיכוב:
אם הטיסה מתעכבת משמעותית, דלג על חנות הנוחות וסע ישירות למרחצאות.","הליכה רגלית בתוך הטרמינל לאחר הנחיתה. עקוב אחר השילוט לקומת הקרקע.
[הנחיית רכבת: רכישת כרטיס Welcome Suica פיזי במכונות בשדה]",טוקיו - הגעה,22:20 (נחיתה),שעה וחצי,,כבר שולם,**🚨 חובה להזמין מראש: למלא הצהרת Visit Japan Web שבוע לפני הטיסה להפקת QR.**,https://vjw-lp.digital.go.jp/en/,הגעה ליפן (0 דקות),https://www.google.com/maps/search/?api=1&query=Haneda+Airport+Terminal+3,,⚠️ לוקרים | ⚠️ שירותים | ⚠️ דורש אינטרנט,✓ דרכון בהישג יד | ✓ Visit Japan Web QR Code | ✓ כרטיס אשראי
🏪,01 (שלישי),13/10/2026,7-Eleven Haneda Airport,⭐⭐⭐ אם יש זמן,"2 Chome-6-5 Hanedakuko, Ota City, Tokyo 144-0041, Japan",הכל (מקורה),"חנות נוחות: משיכת כסף והצטיידות ראשונית.

• השתמש בכספומט 7-Bank למשיכת ינים ראשונית בעמלה אפסית.

[מיקום Coin Locker: זמין בטרמינל 3 קומה 2/3].","אולם מקבלי הפנים בקומה 2.
[הנחיית תחבורה: תשלום במזומן או באשראי בחנות].",טוקיו - הגעה,23:50 - 00:30,40 דקות,,לפי צריכה,"**🚶‍♂️ אין צורך בהזמנה מראש: פתוח 24/7, תשלום במקום.**",https://www.sevenbank.co.jp/english/,≈ 5 דקות הליכה פנימית,https://www.google.com/maps/dir/?api=1&origin=Haneda+Airport+Terminal+3&destination=7-Eleven+Haneda+Airport,,⚠️ לוקרים | ⚠️ שירותים,✓ דרכון (למשיכת כספים) | ✓ רשימת קניות קטנה
♨️,02 (רביעי),14/10/2026,Natural hot spring Heiwajima,⭐⭐⭐⭐⭐ חובה,"1 Chome-1-1 Heiwajima, Ota City, Tokyo 143-0006, Japan",הכל (מקורה),"מרחצאות הייוואג'ימה: מקלחת, טבילה ושינה עד הבוקר אחרי טיסה ארוכה וגט-לג ראשוני.
[רמת עומס: 🟢 קל]","שאטל לילה חינמי שיוצא ישירות מטרמינל 3 (רציף אוטובוסים ייעודי) בסמוך לנחיתה.
[הנחיית נסיעה: אוטובוס לילה חינמי כלול בהזמנה]",טוקיו - הגעה,01:00 - 08:30,לילה שלם,,"100 ₪ (~5,400 ¥)",**🚨 חובה להזמין מראש: מסלול 'Welcome Course' (כולל שאטל הלילה) בדיוק חודש מראש באתר!**,https://www.heiwajima-onsen.jp/en/,≈ 20 דקות (5 דקות לשאטל + 15 נסיעה),https://www.google.com/maps/dir/?api=1&origin=Haneda+Airport+Terminal+3&destination=Natural+hot+spring+Heiwajima,,⚠️ שירותים,✓ מזומן לחטיפים | ✓ בגדים להחלפה לבוקר | ✓ כיסוי לקעקועים (אם יש)
🏰,02 (רביעי),14/10/2026,Imperial Palace Tokyo,⭐⭐⭐ אם יש זמן,"1-1 Chiyoda, Chiyoda City, Tokyo",☀️ שמש / ☁️ מעונן,"ארמון הקיסר (נקי לחלוטין מסמלים דתיים - חילוני):

• הליכת בוקר רגועה להתאוששות מול חומות הארמון והגשרים העתיקים.

💡 Plan B גשם:
אם יורד גשם כבד, דלג על ההליכה הציבורית וסע ישירות למתחם המקורה של Nissan Crossing בגינזה.","מ-Heiwajima קח קו Keikyu ל-Shinagawa ומשם החלף לקו 🟢 JR Yamanote לתחנת Tokyo.
[יציאה מומלצת: Marunouchi Central Exit]
[הנחיית רכבת: ✅ כרטיס IC פיזי].",טוקיו - מרכז,09:30 - 11:00,שעה וחצי,,חינם,**🚶‍♂️ אין צורך בהזמנה מראש: סיור ציבורי חופשי.**,https://sankan.kunaicho.go.jp/english/,≈ 45 דקות ברכבת והליכה,https://www.google.com/maps/dir/?api=1&origin=Natural+hot+spring+Heiwajima&destination=Imperial+Palace+Tokyo,,⚠️ שירותים,✓ נעלי הליכה נוחות | ✓ כרטיס IC טעון | ✓ משקפי שמש
🚗,02 (רביעי),14/10/2026,Nissan Crossing & Sony Store,⭐⭐⭐ אם יש זמן,"5 Chome-8-1 Ginza, Chuo City, Tokyo",הכל (מקורה),"טכנולוגיה בגינזה:

• תצוגת הרכבים העתידנית של ניסאן וטכנולוגיות צילום מתקדמות של סוני. מושלם להעברת זמן קצרה וממוזגת.

💡 Plan B עייפות:
אם הגוף מותש מהגט-לג, פשוט שב בבית הקפה הממוחשב בקומה השנייה של מתחם ניסאן.","הליכה קצרה מתחנת טוקיו לגינזה (מרחק תחנה אחת או הליכה רגליית של 12 דקות).
[יציאה מומלצת: תחנת Ginza יציאה A4]
[הנחיית רכבת: ✅ כרטיס IC]",טוקיו - גינזה,11:30 - 12:30,שעה,,חינם,**🚶‍♂️ אין צורך בהזמנה מראש: כניסה חופשית.**,https://www3.nissan.co.jp/crossing/en.html,≈ 15 דקות הליכה,https://www.google.com/maps/dir/?api=1&origin=Imperial+Palace+Tokyo&destination=Nissan+Crossing+Tokyo,,⚠️ שירותים,✓ מצלמה / טלפון טעון | ✓ כרטיס אשראי לקפה
🚤,02 (רביעי),14/10/2026,Tokyo Water Bus (Suijobus),⭐⭐⭐⭐ מומלץ,"Hinode Pier, Minato City, Tokyo",☀️ שמש / ☁️ מעונן,"שייט עתידני במפרץ טוקיו!

• ירידה קצרה למזח Hinode ושייט כיפי וישיר (מסלול Urban Launch) אל טויסו (Toyosu).
• חוסך את הסיבוב באסאקוסה ומחבר אותך ישירות ליעד הבא.

💡 Plan B גשם/ערפל:
אם השייט מבוטל בגלל מזג אוויר, קח רכבת תחתית ישירה מגינזה לטויסו דרך קו Yurakucho.","רכבת מתחנת גינזה עד ל-Hamamatsucho והליכה קצרה למזח Hinode.
[הנחיית שיט: ❌ כרטיס IC לא תופס, דורש כרטיס שיט מודפס מהאתר]",טוקיו - מים,13:00 - 13:45,45 דקות,,"כ-25 ₪ (~1,350 ¥)",**🚨 מומלץ להזמין מראש: באתר יומיים-שלושה מראש למסלול Urban Launch.**,https://www.suijobus.co.jp/en/,≈ 25 דקות (רכבת והליכה קצרה),https://www.google.com/maps/dir/?api=1&origin=Ginza+Station&destination=Hinode+Pier,,⚠️ שירותים,✓ כרטיס שייט מודפס או בטלפון | ✓ משקפי שמש
🔮,02 (רביעי),14/10/2026,teamLab Planets TOKYO DMM,⭐⭐⭐⭐⭐ חובה,"6 Chome-1-16 Toyosu, Koto City, Tokyo",הכל (מקורה),"מוזיאון האמנות הדיגיטלית teamLab Planets:

• חוויה חושית מדהימה הכוללת הליכה יחפה במים עד הברכיים ואינטראקציה עם מיצגי אור מטורפים. הסירה הורידה אותך בדיוק באזור זה!

[רמת עומס יומית משולבת: 🔴 גבוה].","הליכה קצרה מתחנת העגינה בטויסו (או נסיעה של תחנה אחת בקו הרכבת העילית Yurikamome) אל המוזיאון.
[יציאה מומלצת: תחנת Shin-Toyosu יציאה יחידה]
[הנחיית רכבת: ✅ כרטיס IC]",טוקיו - טויסו,14:25 - 16:45,שעתיים וחצי,,"96 ₪ (~5,200 ¥)",**🚨 חובה להזמין מראש: ב-Klook לפחות 6 שבועות מראש! (בחר Planets).**,https://www.klook.com/,≈ 40 דקות שייט בסירה,https://www.google.com/maps/dir/?api=1&origin=Hinode+Pier&destination=teamLab+Planets+TOKYO+DMM,,⚠️ שירותים,✓ מכנסיים שאפשר לקפל מעל הברך | ✓ נעליים שקל לחלוץ
🎢,02 (רביעי),14/10/2026,Tokyo Joypolis,⭐⭐⭐⭐⭐ חובה,"1 Chome-6-1 Daiba, Minato City, Tokyo",הכל (מקורה),"פארק שעשועים מקורה ענק של SEGA:

• משחקי מציאות מדומה חופשית, סימולטורים ומתחמי סוניק.

💡 Plan B עייפות:
אם הגוף מותש לחלוטין, בצע חיתוך מוקדם לדירה באומורי ודלג על החלק השני של הערקייד בפארק.","קח את הרכבת העילית הנופית Yurikamome מתחנת Shin-Toyosu אל תחנת Odaiba-Kaihinkoen.
[יציאה מומלצת: North Exit]
[הנחיית רכבת: ✅ כרטיס IC]",טוקיו - אודאיבה,17:15 - 20:30,3 שעות,,"120 ₪ (~6,500 ¥)",**🚨 מומלץ להזמין מראש: ב-Klook כשבוע לפני לחסכון כספי.**,https://www.klook.com/,≈ 20 דקות נסיעה ב-Yurikamome,https://www.google.com/maps/dir/?api=1&origin=teamLab+Planets+TOKYO+DMM&destination=Tokyo+Joypolis,,⚠️ שירותים,✓ בגדים נוחים לסימולטורים | ✓ נעליים סגורות | ✓ כרטיס IC
🏠,02 (רביעי),14/10/2026,🏠 Casa Central (Tokyo Apartment),⭐⭐⭐⭐⭐ חובה,"4 Chome-26-7 Chuo, Ota City, Tokyo",הכל (מקורה),"הגעה לדירה: בסיס הלינה הקבוע שלך בטוקיו.

• התארגנות בחדר, פריקת ציוד ומנוחה.

[מיקום כספומט ATM קרוב: 7-Eleven Ota Chuo 4-Chome].
[מיקום Coin Locker: תחנת Omori].","רכבת קו Rinkai מתחנת Tokyo Teleport אל Oimachi, והחלפה לקו Keihin-Tohoku לתחנת Omori.
[יציאה מומלצת: Omori Station יציאה צפונית North Exit]
[הנחיית רכבת: ✅ כרטיס IC]",טוקיו - אומורי,22:00 - 07:30,לינה,,שולם,**✅ כבר הוזמן. צ'ק-אין: 16:00.**,https://www.booking.com/,≈ 45 דקות רכבת,https://www.google.com/maps/dir/?api=1&origin=Tokyo+Joypolis&destination=4-26-7+Chuo+Ota+City+Tokyo,,⚠️ שירותים,✓ קודי צ'ק-אין לדירה | ✓ ציוד לינה
🏎️,03 (חמישי),15/10/2026,STREET KART Tokyo Bay,⭐⭐⭐⭐⭐ חובה,"1 Chome-24-6 Kitashinagawa, Shinagawa City",☀️ שמש בלבד,"קרטינג כביש אקסטרימי (Tokyo Bay):

• נהיגה מטורפת על כבישי טוקיו הפתוחים וחציית גשר ה-Rainbow Bridge! קרוב מאוד לדירה שלך.

[רמת עומס יומית: 🟡 בינוני].","מתחנת Omori קח קו JR Keihin-Tohoku ל-Shinagawa והחלף לקו Keikyu לתחנת Kitashinagawa.
[יציאה מומלצת: יציאה יחידה]
[הנחיית רכבת: ✅ כרטיס IC]",טוקיו - מפרץ,09:30 - 12:00,שעתיים וחצי,,"323 ₪ (~17,400 ¥)",**🚨 חובה להזמין מראש: חודשיים מראש ב-Klook! (חובה פיזית: רישיון ישראלי + ממס'י).**,https://www.klook.com/,≈ 25 דקות רכבת,https://www.google.com/maps/dir/?api=1&origin=Omori+Station+Tokyo&destination=STREET+KART+Tokyo+Bay,,⚠️ שירותים,✓ רישיון נהיגה ישראלי | ✓ רישיון בינלאומי ממס'י | ✓ דרכון פיזי | ✓ משקפי שמש
🤖,03 (חמישי),15/10/2026,Miraikan (Museum of Emerging Science),⭐⭐⭐ אם יש זמן,"2 Chome-3-6 Aomi, Koto City, Tokyo",הכל (מקורה),"מיראיקאן - מוזיאון החדשנות והמדע:

• רובוטים מתקדמים, תצוגות אנדרואידים חיות ובינה מלאכותית.

💡 Plan B גשם:
מושלם ומקורה לחלוטין.","רכבת מ-Shinagawa/Tennozu אל מתחם אודאיבה (תחנת Tokyo Teleport).
[יציאה מומלצת: יציאה B]
[הנחיית רכבת: ✅ כרטיס IC]",טוקיו - אודאיבה,12:30 - 15:00,שעתיים וחצי,,"18 ₪ (~1,000 ¥)",**🚶‍♂️ אין צורך להזמין מראש: קניית כרטיס בקופה במקום.**,https://www.miraikan.jst.go.jp/en/,≈ 40 דקות הליכה ורכבת Rinkai,https://www.google.com/maps/dir/?api=1&origin=STREET+KART+Tokyo+Bay&destination=Miraikan+Tokyo,,⚠️ שירותים,✓ נעלי הליכה | ✓ מזומן / כרטיס אשראי
💡,03 (חמישי),15/10/2026,Panasonic Center Tokyo,⭐⭐⭐ אם יש זמן,"Ariake, Koto City, Tokyo",הכל (מקורה),"אולם תצוגה טכנולוגי מתקדם של פנאסוניק:
• תצוגות מרהיבות של פיתוחי עתיד, פתרונות בית חכם (IoT) ומערכות אקולוגיות. מעולה לקבלת השראה.","הליכה קצרה מ-Miraikan או נסיעה של 2 תחנות ברכבת העילית לתחנת Ariake.
[יציאה מומלצת: תחנת Ariake יציאה מערבית West Exit]",טוקיו - אודאיבה,15:15 - 16:45,שעה וחצי,שעות משתנות בחגים,חינם,**🚶‍♂️ אין צורך בהזמנה מראש: כניסה חופשית לתצוגה.**,https://holdings.panasonic/global/corporate/center-tokyo.html,≈ 15 דקות ב-Yurikamome,https://www.google.com/maps/dir/?api=1&origin=Miraikan+Tokyo&destination=Panasonic+Center+Tokyo,,⚠️ שירותים,✓ טלפון להורדת קודי QR לתצוגות
☕,03 (חמישי),15/10/2026,Maid Cafe Experience (@home cafe Flagship),⭐⭐⭐⭐ מומלץ,"1-11-4 Sotokanda, Chiyoda City, Tokyo 101-0021",הכל (מקורה),"חווית מייד קפה באקיהברה (@home cafe Flagship):
• בית הקפה המקצועי והטוב ביותר ביפן. תרבות האוטאקו במיטבה, הגשת שתייה, טקסי הפעלת קסמים על האוכל (חילוני לחלוטין).","נסיעה ברכבת מאזור אודאיבה ישירות לתחנת Akihabara.
[יציאה מומלצת: Electric Town Gate]
[הנחיית רכבת: ✅ כרטיס IC]",טוקיו - אקיהברה,17:00 - 18:00,שעה,,"כ-60 ₪ (~3,200 ¥)",**🚶‍♂️ אין צורך בהזמנה מראש: מגיעים ונרשמים בדלפק הכניסה.**,https://www.cafe-athome.com/en/,≈ 40 דקות ברכבת,https://www.google.com/maps/dir/?api=1&origin=Panasonic+Center+Tokyo&destination=1-11-4+Sotokanda+Chiyoda+City+Tokyo,,⚠️ שירותים,✓ סמארטפון לצילום (מותר בתנאים מסוימים)
💻,03 (חמישי),15/10/2026,Sofmap AKIBA & Janpara,⭐⭐⭐⭐⭐ חובה,"4 Chome-1-1 Sotokanda, Chiyoda City, Tokyo 101-0021, Japan",הכל (מקורה),"שופינג טכנולוגי באקיהברה:
• זמן המוקדש לשופינג חומרה ורכיבי PC קצה, כרטיסי מסך RTX וגאדג'טים יד-שנייה.

[רמת עומס: 🔴 גבוה - הליכה מרובה בין חנויות].",הליכה קצרה ברחובות האחוריים של אקיהברה.,טוקיו - אקיהברה,18:00 - 19:30,שעה וחצי,,לפי קנייה,**🚶‍♂️ אין צורך בהזמנה מראש: הצג דרכון בקופה לפטור ממס (Tax-Free).**,https://www.sofmap.com/,≈ 5 דקות הליכה,https://www.google.com/maps/dir/?api=1&origin=1-11-4+Sotokanda+Chiyoda+City+Tokyo&destination=Sofmap+AKIBA,,⚠️ שירותים,✓ דרכון פיזי (חובה ל-Tax Free) | ✓ כרטיס אשראי
🕹️,03 (חמישי),15/10/2026,GiGO Akihabara 3,⭐⭐⭐⭐ מומלץ,"1 Chome-1-11 Sotokanda, Chiyoda City, Tokyo 101-0021, Japan",הכל (מקורה),"בניין GiGO:
• מתחמי ארקייד, סימולטורים ומנופי בובות ענקיים באקיהברה.",הליכה קצרה על הרחוב הראשי של אקיהברה.,טוקיו - אקיהברה,19:30 - 21:00,שעה וחצי,,לפי קנייה,**🚶‍♂️ הפעלת מכונות באמצעות מטבעות 100 ין.**,https://tempo.gendago.jp/,≈ 5 דקות הליכה,https://www.google.com/maps/dir/?api=1&origin=Sofmap+AKIBA&destination=GiGO+Akihabara+3,,⚠️ שירותים,✓ מטבעות 100 ין או שטרות לפריטה
🏠,03 (חמישי),15/10/2026,🏠 Casa Central (Tokyo),⭐⭐⭐⭐⭐ חובה,"4 Chome-26-7 Chuo, Ota City, Tokyo",הכל (מקורה),"חזרה לדירה למנוחה, אריזה קלה ולינה.","רכבת ישירה בקו JR Keihin-Tohoku מתחנת Akihabara לתחנת Omori.
[יציאה מומלצת: North Exit]",טוקיו - אומורי,21:15 - 07:30,לינה,,שולם,**✅ כבר הוזמן (בסיס קבוע בטוקיו).**,https://www.booking.com/,≈ 35 דקות ברכבת,https://www.google.com/maps/dir/?api=1&origin=GiGO+Akihabara+3&destination=4-26-7+Chuo+Ota+City+Tokyo,,⚠️ שירותים,✓ מנוחה לקראת מחר
✨,04 (שישי),16/10/2026,teamLab Borderless,⭐⭐⭐⭐⭐ חובה,"1 Chome-2-4 Azabudai, Minato City, Tokyo 106-0041, Japan",הכל (מקורה),"מוזיאון האמנות הדיגיטלית teamLab Borderless (Azabudai Hills):
• מבוך ענק, מהפנט ועתידני של אורות דינמיים ללא מסלול מוגדר.

[רמת עומס: 🟡 בינוני].","קו JR Keihin-Tohoku ל-Shimbashi, והחלפה לקו Hibiya לתחנת Kamiyacho.
[יציאה מומלצת: תחנת Kamiyacho יציאה 5 - מחברת ישירות למתחם]
[הנחיית רכבת: ✅ כרטיס IC]",טוקיו - המפרץ/מינאטו,09:30 - 12:00,שעתיים וחצי,,"96 ₪ (~5,200 ¥)",**🚨 חובה להזמין מראש: ב-Klook לפחות 6 שבועות מראש (אחרת אוזל)!**,https://www.klook.com/,≈ 40 דקות רכבת,https://www.google.com/maps/dir/?api=1&origin=4-26-7+Chuo+Ota+City+Tokyo&destination=teamLab+Borderless+Tokyo,,⚠️ שירותים,✓ נעליים נוחות למבוך | ✓ סוללה ניידת טעונה ב-100%
🗼,04 (שישי),16/10/2026,RED° TOKYO TOWER,⭐⭐⭐⭐ מומלץ,"4 Chome-2-8 Shibakoen, Minato City, Tokyo 105-0011, Japan",הכל (מקורה),"פארק שעשועים ענקי בתוך מגדל טוקיו:
• מתחמי e-sports, משחקי מציאות מדומה והליכוני VR אקטיביים.

💡 Plan B לחץ זמן:
אם יש לחץ זמן לקראת שבת, קצר את השהות פה בחצי שעה.",הליכה רגלית קצרה של כ-12 דקות ממתחם Azabudai Hills אל מגדל טוקיו.,טוקיו - המפרץ/מינאטו,12:15 - 14:15,שעתיים,,"60 ₪ (~3,200 ¥)",**🚨 מומלץ להזמין מראש: ב-Klook כחודש מראש לשריין כניסה מהירה.**,https://www.klook.com/,≈ 15 דקות הליכה,https://www.google.com/maps/dir/?api=1&origin=teamLab+Borderless+Tokyo&destination=RED+TOKYO+TOWER,,⚠️ שירותים,✓ בגדים נוחים לתנועה (למתקני ה-VR)
🏠,04 (שישי),16/10/2026,🏠 Casa Central (Tokyo),⭐⭐⭐⭐⭐ חובה,"4 Chome-26-7 Chuo, Ota City, Tokyo 143-0024, Japan",הכל (מקורה),"התארגנות מוקדמת לשבת:
• חזרה לדירה לביצוע הכנות טכנולוגיות: נטרול חיישני תאורה, הדבקת מתג מקרר וניתוק Washlet.
• התארגנות בנחת לפני כניסת שבת המוקדמת.","הליכה קצרה לתחנת Akabanebashi, נסיעה ל-Daimon והחלפה לקו Keihin-Tohoku לתחנת Omori.
[יציאה מומלצת: North Exit]",טוקיו - אומורי,15:00 - 16:30,התארגנות לשבת,,שולם,**✅ כבר הוזמן. כניסת שבת באזור 16:45!**,https://www.booking.com/,≈ 35 דקות ברכבת,https://www.google.com/maps/dir/?api=1&origin=RED+TOKYO+TOWER&destination=4-26-7+Chuo+Ota+City+Tokyo,,⚠️ שירותים,✓ דבק נייר/מסקינטייפ לכפתורים | ✓ הכנת חגורת שבת למפתח
🕍,04 (שישי),16/10/2026,Chabad Tokyo Japan,⭐⭐⭐⭐⭐ חובה,"1 Chome-5-23 Sanno, Ota City, Tokyo 143-0023, Japan",הכל,"תפילות וקבלת שבת בבית חב'ד טוקיו:
• מינגלינג ומפגש חברתי עם מטיילים מכל העולם באווירה קהילתית.

[מרווח ביטחון: 15 דקות הליכה מהדירה].","הליכה רגלית בלבד!
🚨 איסור נסיעה וטלטול חפצים מחוץ לעירוב — השתמש בחגורת שבת למפתח.",טוקיו - יהדות/כשר (אוֹמוֹרִי),17:00 - 19:30,זמני שבת,,"תפילה: חינם | סעודה: כ-180 ₪ (~9,700 ¥)",**🚨 חובה להזמין מראש: לסעודת שבת באתר חב'ד. (תפילה - 🚶‍♂️ חינם).**,https://chabad.jp/,≈ 15 דקות הליכה,https://www.google.com/maps/dir/?api=1&origin=4-26-7+Chuo+Ota+City+Tokyo&destination=Chabad+Tokyo+Japan,,⚠️ שירותים,✓ ביגוד מכבד | ✓ חגורת שבת למפתח
🏠,04 (שישי),16/10/2026,🏠 Casa Central (Tokyo),⭐⭐⭐⭐⭐ חובה,"4 Chome-26-7 Chuo, Ota City, Tokyo 143-0024, Japan",הכל (מקורה),"חזרה רגלית לדירה:
• סעודת שבת אישית כשרה מהמצרכים שקנית (או חזרה מחב""ד). מנוחה ושינה בנחת.",הליכה רגלית נוחה מבית חב'ד בחזרה לדירה.,טוקיו - אומורי,19:30 - 07:30,לינה,,שולם,**✅ כבר הוזמן ברישום הרגיל.**,https://www.booking.com/,≈ 15 דקות הליכה,https://www.google.com/maps/dir/?api=1&origin=Chabad+Tokyo+Japan&destination=4-26-7+Chuo+Ota+City+Tokyo,,⚠️ שירותים,✓ שעון מעורר מכני / כוון מראש בטלפון
🕍,05 (שבת),17/10/2026,Chabad Lubavitch / Rest Day,⭐⭐⭐⭐⭐ חובה,"1 Chome-5-23 Sanno, Ota City, Tokyo 143-0023, Japan",הכל,"יום מנוחה מוחלט (שבת קודש):
• תפילת שחרית, קידוש קהילתי חם ושיחות חברתיות פתוחות.",הליכה רגלית קצרה והולמת הלוך וחזור מהדירה.,טוקיו - יהדות/כשר (אוֹמוֹרִי),זמני שבת,כל היום,,"תפילה: חינם | סעודה: כ-150 ₪ (~8,100 ¥)",**🚨 חובה להזמין מראש: סעודת שבת דרך האתר. (תפילה - 🚶‍♂️ חופשית).**,https://chabad.jp/,≈ 15 דקות הליכה,https://www.google.com/maps/dir/?api=1&origin=4-26-7+Chuo+Ota+City+Tokyo&destination=Chabad+Tokyo+Japan,,⚠️ שירותים,✓ חגורת שבת מותאמת למפתח
🌳,05 (שבת),17/10/2026,Omori Furusato-no-Hamabe Park,⭐⭐⭐ אם יש זמן,"2 Chome-2-1 Furusatonohamabekoen, Ota City, Tokyo 143-0006, Japan",☀️ שמש / ☁️ מעונן,"הליכת שבת פסטורלית אחר הצהריים:
• סיור רגלי מרענן בפארק ציבורי הכולל חוף ים מלאכותי ומדשאות. ללא נסיעות וללא חילול שבת.",הליכה רגלית בלבד (כ-25 דקות הליכה נינוחה מהדירה באומורי במסלול ישר וברור).,טוקיו - אזור המפרץ (אוֹמוֹרִי),14:00 - 16:00,שעתיים,,חינם,**🚶‍♂️ אין צורך בהזמנה מראש: פארק ציבורי פתוח.**,https://www.city.ota.tokyo.jp/shisetsu/park/omorifurusatonohamabe.html,≈ 25 דקות הליכה (כיוון אחד),https://www.google.com/maps/dir/?api=1&origin=4-26-7+Chuo+Ota+City+Tokyo&destination=Omori+Furusato-no-Hamabe+Park,,,✓ נעלי הליכה
🌃,05 (שבת),17/10/2026,Roppongi,⭐⭐⭐⭐ מומלץ,"6 Chome-10-1 Roppongi, Minato City, Tokyo 106-6108, Japan",🌃 לילה / ☀️ ראות טובה,"מוצאי שבת ברופונגי:
• הבדלה בדירה, ונסיעה מהירה לרובע חיי הלילה של טוקיו מיד עם יציאת השבת (17:45).
[רמת עומס: 🟢 קל].","הליכה לתחנת Omori, קו Keihin-Tohoku לתחנת Ebisu, והחלף לקו Hibiya לתחנת Roppongi.
[יציאה מומלצת: יציאה 1C]",טוקיו - המפרץ/מינאטו,18:30 - 20:00,שעה וחצי,,חינם,**🚶‍♂️ אין צורך בהזמנה מראש: סיור רחוב חופשי.**,https://www.japan-guide.com/e/e3031.html,≈ 40 דקות ברכבת,https://www.google.com/maps/dir/?api=1&origin=4-26-7+Chuo+Ota+City+Tokyo&destination=Roppongi+Station+Tokyo,,⚠️ שירותים,"✓ ארנק, סלולרי וציוד יומיומי (השבת יצאה)"
🏢,05 (שבת),17/10/2026,Roppongi Hills Mori Tower,⭐⭐⭐⭐ מומלץ,"6 Chome-10-1 Roppongi, Minato City, Tokyo 106-6108, Japan",🌃 לילה / ☀️ ראות טובה,"תצפית פנורמית לילית מקומת הגג של מגדל מורי:
• מבט עוצר נשימה על גורדי השחקים.

💡 Plan B גשם/ערפל:
אם הראות גרועה במיוחד, דלג על התצפית ועבור למשחקי ארקייד מקורים.",הליכה קצרה של 3 דקות ממרכז רופונגי פנימה אל מתחם מגדל רופונגי הילס.,טוקיו - המפרץ/מינאטו,20:00 - 21:30,שעה וחצי,,"45 ₪ (~2,400 ¥)",**🚨 מומלץ להזמין מראש: ב-Klook שבועיים מראש להבטחת שעה ללא תור.**,https://www.klook.com/,≈ 10 דקות הליכה,https://www.google.com/maps/dir/?api=1&origin=Roppongi+Station+Tokyo&destination=Roppongi+Hills+Mori+Tower,,⚠️ שירותים,✓ שובר Klook בטלפון | ✓ מצלמה
🏠,05 (שבת),17/10/2026,🏠 Casa Central (Tokyo),⭐⭐⭐⭐⭐ חובה,"4 Chome-26-7 Chuo, Ota City, Tokyo 143-0024, Japan",הכל (מקורה),"חזרה לדירה למנוחה ושינה רציפה.
• חלון שינה מומלץ החל מ-23:30.",מסלול רכבות הפוך: קו Hibiya לתחנת Ebisu והחלפה לקו Keihin-Tohoku חזרה לתחנת Omori.,טוקיו - אומורי,22:30 - 07:30,לינה,,שולם,**✅ כבר הוזמן (דירת בסיס).**,https://www.booking.com/,≈ 40 דקות ברכבת,https://www.google.com/maps/dir/?api=1&origin=Roppongi+Hills+Mori+Tower&destination=4-26-7+Chuo+Ota+City+Tokyo,,⚠️ שירותים,✓ מנוחה
🌳,06 (ראשון),18/10/2026,Yoyogi Park,⭐⭐⭐ אם יש זמן,"2-1 Yoyogikamizonocho, Shibuya City, Tokyo 151-0052, Japan",☀️ שמש / ☁️ מעונן,"פארק יויוגי בבוקר יום ראשון:
• פארק נקי מסמלי דת. מתקבצים כאן רקדני רוקבילי ולהקות רחוב.

[רמת עומס יומית: 🔴 קשה - הליכה מאסיבית].","קו Keihin-Tohoku מתחנת Omori לשינגאווה, והחלפה לקו 🟢 JR Yamanote לתחנת Harajuku.
[יציאה מומלצת: West Exit]",טוקיו - צפון/מערב,08:30 - 09:30,שעה,,חינם,**🚶‍♂️ אין צורך להזמין מראש: הפארק פתוח לציבור.**,https://www.tokyo-park.or.jp/park/yoyogi/,≈ 45 דקות ברכבת,https://www.google.com/maps/dir/?api=1&origin=4-26-7+Chuo+Ota+City+Tokyo&destination=2-1+Yoyogikamizonocho+Shibuya+City+Tokyo,,,✓ נעלי הליכה איכותיות (יום הליכה קשוח!)
👗,06 (ראשון),18/10/2026,Takeshita St,⭐⭐⭐⭐ מומלץ,"1 Chome-19 Jingumae, Shibuya City, Tokyo 150-0001, Japan",☀️ שמש / ☁️ מעונן,"רחוב טקשיטה האייקוני בהרג'וקו:
• רחוב אופנת הרחוב והקיטש הקיצוני ביפן.

💡 Plan B עייפות:
אם צפוף מדי ביום ראשון, חתוך מיד לרחוב הצידי הרגוע Takeshita Backstreets.",צמוד לחלוטין ליציאה המזרחית מתחנת Harajuku.,טוקיו - הרג'וקו,09:30 - 10:30,שעה,,חינם,**🚶‍♂️ אין צורך בהזמנה מראש.**,https://www.japan-guide.com/e/e3006.html,≈ 10 דקות הליכה,https://www.google.com/maps/dir/?api=1&origin=2-1+Yoyogikamizonocho+Shibuya+City+Tokyo&destination=1+Chome-19+Jingumae+Shibuya+City+Tokyo,,⚠️ שירותים,✓ מזומן קטן לחטיפי רחוב
🧥,06 (ראשון),18/10/2026,2nd STREET Harajuku,⭐⭐⭐ אם יש זמן,"4 Chome-26-4 Jingumae, Shibuya City, Tokyo 150-0001, Japan",הכל (מקורה),"חנות אופנה וינטג' (2nd STREET):
• חנות מעולה למציאת בגדי מותגים ופרטי אופנה במצב חדש ובמחירים מעולים.",הליכה קצרה של 5 דקות מרחוב טקשיטה פנימה.,טוקיו - הרג'וקו,10:30 - 11:30,שעה,,לפי קנייה,**🚶‍♂️ הצג דרכון פיזי בקופה לפטור ממס (Tax-Free).**,https://www.2ndstreet.jp/,≈ 5 דקות הליכה,https://www.google.com/maps/dir/?api=1&origin=1+Chome-19+Jingumae+Shibuya+City+Tokyo&destination=4+Chome-26-4+Jingumae+Shibuya+City+Tokyo,🚨 עומס כבד ⭐⭐⭐⭐⭐,⚠️ שירותים,✓ דרכון פיזי | ✓ כרטיס אשראי
📱,06 (ראשון),18/10/2026,Galaxy Harajuku,⭐⭐⭐ אם יש זמן,"1 Chome-8-9 Jingumae, Shibuya City, Tokyo 150-0001, Japan",הכל (מקורה),"בניין הקונספט הטכנולוגי של סמסונג גלקסי:
• התנסויות מציאות מדומה (VR), מיצגי מדיה אינטראקטיביים הכל בחינם.",הליכה קצרה של 4 דקות על שדרת אומוטסנדו המרכזית.,טוקיו - הרג'וקו,11:30 - 12:15,45 דקות,,חינם,**🚶‍♂️ כניסה חופשית לקומות התצוגה.**,https://www.samsung.com/jp/explore/galaxy-harajuku/,≈ 5 דקות הליכה,https://www.google.com/maps/dir/?api=1&origin=4+Chome-26-4+Jingumae+Shibuya+City+Tokyo&destination=1+Chome-8-9+Jingumae+Shibuya+City+Tokyo,🚨 עומס כבד ⭐⭐⭐⭐⭐,⚠️ שירותים,✓ סקרנות טכנולוגית
👟,06 (ראשון),18/10/2026,SIDAS FITTING LAB (Minami-Aoyama),⭐⭐⭐⭐⭐ חובה,"1F Kokko Real Estate Minami-Aoyama Bldg, 2-27-7 Minami-Aoyama, Minato City, Tokyo 107-0062, Japan",הכל (מקורה),"מעבדת התאמת מדרסים אורתופדיים (SIDAS):
• מעבדה רפואית מתקדמת להתאמה אישית של מדרסי ואקום להגנה על הגב.

[מרווח ביטחון: הגעה 10 דקות לפני הזמן!].","הליכה נוחה מגלקסי הארז'וקו לאורך שדרת אומוטסנדו לכיוון אאויאמה (כ-15 דקות הליכה).
[יציאה מומלצת: תחנת Omotesando יציאה A4]",טוקיו - אאויאמה,12:30 - 13:45,שעה ורבע,,לפי קנייה,**🚨 חובה להזמין מראש: תור מוגדר מראש באתר הרשמי!**,https://shop.sidas.co.jp/fitting-lab/eng/,≈ 15 דקות הליכה,https://www.google.com/maps/dir/?api=1&origin=1+Chome-8-9+Jingumae+Shibuya+City+Tokyo&destination=1F+Kokko+Real+Estate+Minami-Aoyama+Bldg,,⚠️ שירותים,✓ גרביים נוחות למדידה | ✓ הגעה 10 דק' לפני הזמן!
🚶,06 (ראשון),18/10/2026,Shibuya Crossing,⭐⭐⭐⭐⭐ חובה,"2 Chome-2-1 Dogenzaka, Shibuya City, Tokyo 150-0043, Japan",☀️ שמש / ☁️ מעונן,"מעבר החצייה המפורסם בשיבויה (Shibuya Scramble):
• צעידה חווייתית בתוך נחיל האדם, צילום האורות ושלטי הניאון הענקיים.","הליכה דרומה מאזור אאויאמה למטה אל מרכז שיבויה (כ-15 דקות הליכה).
[יציאה מומלצת: תחנת Shibuya - Hachiko Exit]",טוקיו - שיבויה,14:15 - 15:00,45 דקות,,חינם,**🚶‍♂️ אין צורך בהזמנה מראש.**,https://www.japan-guide.com/e/e3007.html,≈ 20 דקות הליכה,https://www.google.com/maps/dir/?api=1&origin=1F+Kokko+Real+Estate+Minami-Aoyama+Bldg&destination=2+Chome-2-1+Dogenzaka+Shibuya+City+Tokyo,🚨 עומס כבד ⭐⭐⭐⭐⭐,⚠️ שירותים,✓ מצלמה מוכנה מראש לתפיסת האקשן
🛍️👀,06 (ראשון),18/10/2026,Shibuya Hikarie & Sky Lobby,⭐⭐⭐⭐ מומלץ,"2 Chome-21-1 Shibuya, Shibuya City, Tokyo 150-8510, Japan",הכל (מקורה),"מתחם היקארי:
• עלייה לקומה ה-11 ללובי השמיים החינמי לתצפת פנורמית על צומת שיבויה.","הליכה דרך המעברים המקורים ממעבר החצייה אל מתחם תחנת שיבויה.
[יציאה מומלצת: תחנת Shibuya יציאה B5/B6 מחוברת ישירות להיקארי]",טוקיו - שיבויה,15:00 - 16:00,שעה,,חינם,**🚶‍♂️ אין צורך להזמין מראש. לובי השמיים חינמי.**,https://www.hikarie.jp/,≈ 10 דקות הליכה,https://www.google.com/maps/dir/?api=1&origin=2+Chome-2-1+Dogenzaka+Shibuya+City+Tokyo&destination=2+Chome-21-1+Shibuya+Shibuya+City+Tokyo,🚨 עומס כבד ⭐⭐⭐⭐⭐,⚠️ שירותים,✓ אין דרישות מיוחדות
🏙️,06 (ראשון),18/10/2026,SHIBUYA SKY,⭐⭐⭐⭐⭐ חובה,"2 Chome-24-12 Shibuya, Shibuya City, Tokyo 150-6145, Japan",🌃 לילה / ☀️ שמש (ראות טובה),"SHIBUYA SKY:
• התצפית הפתוחה הפופולרית בטוקיו בקומה ה-47! תזמון מדויק לשקיעה.

💡 Plan B גשם/ערפל:
אם הגג הפתוח נסגר עקב גשם, התצפית מתבצעת מהקומה המקורה בבטחה.","כניסה ייעודית מקומת הקרקע של מגדל Shibuya Scramble Square קומה 14.
[יציאה מומלצת: תחנת Shibuya יציאה B6]",טוקיו - שיבויה,16:15 - 18:15 (שקיעה),שעתיים,,"60 ₪ (~3,200 ¥)",**🚨 חובה להזמין מראש: 4 שבועות מראש ב-Klook (על הדקה עם פתיחת המערכת) להבטחת שקיעה!**,https://www.klook.com/,≈ 10 דקות הליכה,https://www.google.com/maps/dir/?api=1&origin=2+Chome-21-1+Shibuya+Shibuya+City+Tokyo&destination=2+Chome-24-12+Shibuya+Shibuya+City+Tokyo,🚨 עומס כבד ⭐⭐⭐⭐⭐,⚠️ שירותים,✓ שובר QR זמין | ✓ סוודר/ג'קט קל (קריר בחוץ)
🛒,06 (ראשון),18/10/2026,MEGA Don Quijote Shibuya,⭐⭐⭐⭐⭐ חובה,"28-6 Udagawacho, Shibuya City, Tokyo 150-0042, Japan",הכל (מקורה),"קניות ובילוי לילי בשיבויה:
• סניף הדגל העצום של דון קיחוטה (פתוח 24/7). מקום מושלם להשלמת גאדג'טים ומזכרות.

[מיקום Coin Locker: זמין בתחנת שיבויה].",הליכה קצרה של 6 דקות ממתחם התצפית אל לב מדרחוב הקניות של שיבויה.,טוקיו - שיבויה,18:30 - 20:00,שעה וחצי,,לפי קנייה,**🚶‍♂️ הצג ברקוד הנחה מטלפון + דרכון פיזי בקופה.**,https://www.donki.com/en/,≈ 10 דקות הליכה,https://www.google.com/maps/dir/?api=1&origin=2+Chome-24-12+Shibuya+Shibuya+City+Tokyo&destination=28-6+Udagawacho+Shibuya+City+Tokyo,🚨 עומס כבד ⭐⭐⭐⭐⭐,⚠️ שירותים,✓ דרכון פיזי (חובה) | ✓ תיק מרווח (או קונים שקית שם)
🏠,06 (ראשון),18/10/2026,🏠 Casa Central (Tokyo),⭐⭐⭐⭐⭐ חובה,"4 Chome-26-7 Chuo, Ota City, Tokyo 143-0024, Japan",הכל (מקורה),חזרה לדירה באומורי ללינה רגועה.,"מתחנת שיבויה קח קו JR Saikyo Line או 🟢 JR Yamanote לשינגאווה, והחלף לקו Keihin-Tohoku.
[יציאה מומלצת: North Exit]",טוקיו - אומורי,20:45 - 07:30,לינה,,שולם,**✅ כבר הוזמן קבוע.**,https://www.booking.com/,≈ 40 דקות ברכבת,https://www.google.com/maps/dir/?api=1&origin=28-6+Udagawacho+Shibuya+City+Tokyo&destination=4-26-7+Chuo+Ota+City+Tokyo,,⚠️ שירותים,✓ סיום יום
🦉,07 (שני),19/10/2026,Animate Ikebukuro Flagship Store,⭐⭐⭐⭐⭐ חובה,"1 Chome-20-7 Higashiikebukuro, Toshima City, Tokyo 170-0013, Japan",הכל (מקורה),"חנות האנימה, המנגה והמרצ'נדייז הגדולה בעולם:
• 10 קומות מלאות בציוד פופ, גאדג'טים ותערוכות.

[רמת עומס יומית: 🟡 בינוני].","מתחנת Omori קח קו JR Keihin-Tohoku לתחנת Shinagawa והחלף לקו 🟢 JR Yamanote לתחנת Ikebukuro.
[יציאה מומלצת: East Exit]
[הנחיית רכבת: ✅ כרטיס IC]",טוקיו - איקבוקורו,09:30 - 11:30,שעתיים,,חינם,**🚶‍♂️ אין צורך להזמין מראש: כניסה חופשית לכל הקומות.**,https://www.animate.co.jp/,≈ 50 דקות ברכבת,https://www.google.com/maps/dir/?api=1&origin=4-26-7+Chuo+Ota+City+Tokyo&destination=Animate+Ikebukuro,,⚠️ שירותים,✓ כרטיס IC לתחבורה
🧸,07 (שני),19/10/2026,Gashapon Department Store Ikebukuro,⭐⭐⭐⭐ מומלץ,"3 Chome-1-1 Higashiikebukuro, Toshima City, Tokyo 170-8630, Japan",הכל (מקורה),"חנות הגשפון הרשמית:
• הגדולה בעולם של בנדאי נאמקו, עם מעל 3,000 מכונות קפסולה בתוך Sunshine City.",הליכה קצרה מכלבו Animate אל תוך קניון סאנשיין סיטי (Sunshine City) קומה 3.,טוקיו - איקבוקורו,11:30 - 12:15,45 דקות,,לפי קנייה,**🚶‍♂️ תשלום במקום: המכונות מופעלות עם מטבעות 100 ין.**,https://bandainamco-am.co.jp/,≈ 10 דקות הליכה,https://www.google.com/maps/dir/?api=1&origin=Animate+Ikebukuro&destination=Sunshine+City+Ikebukuro,,⚠️ שירותים,✓ שטרות של 1000¥ לפריטה למטבעות
🕹️,07 (שני),19/10/2026,Namco Namjatown,⭐⭐⭐ אם יש זמן,"3 Chome-1-1 Higashiikebukuro, Toshima City, Tokyo 170-8630, Japan",הכל (מקורה),"פארק שעשועים מקורה וארקייד נוסטלגי (Namco):
• מתחם מעוצב וממוזג, מעולה לגיימינג קליל.

💡 Plan B גשם:
מתחם סגור ומרווח, מושלם למזג אוויר סוער.","נמצא באותו מתחם פנימי של קניון Sunshine City, מרחק הליכה קצר ביותר.",טוקיו - איקבוקורו,12:15 - 13:15,שעה,,לפי קנייה,**🚶‍♂️ תשלום במקום: במכונות/משחקים.**,https://bandainamco-am.co.jp/tp/namja/,≈ 5 דקות הליכה (באותו קניון),https://www.google.com/maps/dir/?api=1&origin=Sunshine+City+Ikebukuro&destination=Namjatown+Ikebukuro,,⚠️ שירותים,✓ ארנק נגיש
🍿,07 (שני),19/10/2026,Grand Cinema Sunshine Ikebukuro,⭐⭐⭐ אם יש זמן,"1 Chome-30-3 Higashiikebukuro, Toshima City, Tokyo 170-0013, Japan",הכל (מקורה),"קומפלקס קולנוע עתידני (IMAX):
• תצפית אדריכלית מדהימה (חינם).
• צפייה בסרט IMAX (בתשלום, דורש כרטיס).",הליכה קצרה של 5 דקות בתוך מתחם הרחובות של איקבוקורו מזרח.,טוקיו - איקבוקורו,13:15 - 13:45,30 דקות,,משתנה,**🚨 חובה להזמין מראש לסרט IMAX באתר! (לתצפית - 🚶‍♂️ פתוח).**,https://www.cinemasunshine.co.jp/theater/gdcs/,≈ 10 דקות הליכה,https://www.google.com/maps/dir/?api=1&origin=Namjatown+Ikebukuro&destination=Grand+Cinema+Sunshine+Ikebukuro,,⚠️ שירותים,✓ שובר הזמנה במידה ויש סרט
🚉,07 (שני),19/10/2026,Korakuen / Suidōbashi Station,⭐⭐⭐⭐⭐ חובה,"1 Chome-3-61 Koraku, Bunkyo City, Tokyo 112-0004, Japan",הכל,"תחנת מעבר מהירה ל-Tokyo Dome City:
• קישור אל מתחם טוקיו דום לעלייה לרכבת ההרים המטורפת של העיר.","קו תחתית ישיר (Tokyo Metro Marunouchi Line) מתחנת Ikebukuro לתחנת Korakuen.
[יציאה מומלצת: יציאה 2]
[הנחיית רכבת: ✅ כרטיס IC].",טוקיו - דום סיטי,14:15 - 14:30,15 דקות,,חינם,**ניווט מהיר בלבד.**,,≈ 20 דקות ברכבת,https://www.google.com/maps/dir/?api=1&origin=Grand+Cinema+Sunshine+Ikebukuro&destination=Korakuen+Station+Tokyo,,⚠️ לוקרים | ⚠️ שירותים,✓ כרטיס IC
🎢,07 (שני),19/10/2026,Thunder Dolphin,⭐⭐⭐⭐⭐ חובה,"1 Chome-3-61 Koraku, Bunkyo City, Tokyo 112-0004, Japan",☀️ שמש / ☁️ מעונן (ללא גשם),"רכבת ההרים האגדית Thunder Dolphin:
• עוברת במהירות מטורפת דרך חור מובנה בתוך בניין ודרך מרכז גלגל ענק!

💡 Plan B גשם/רוח כבדה:
במקרה של גשם שוטף הרכבת נסגרת זמנית - הגיבוי הוא כניסה למשחקי הוידאו במתחם המקורה LaQua.","הליכה קצרה של 2 דקות מחוץ ליציאת תחנת Korakuen אל תוך פארק השעשועים.",טוקיו - דום סיטי,14:30 - 16:00,שעה וחצי (כולל תור),,"36 ₪ (~1,900 ¥)","**🚶‍♂️ תשלום במקום: בקופות האטרקציה, אין צורך בהזמנה מראש.**",https://www.tokyo-dome.co.jp/en/tourists/attractions/,≈ 10 דקות הליכה מתחנת רכבת,https://www.google.com/maps/dir/?api=1&origin=Korakuen+Station+Tokyo&destination=Thunder+Dolphin+Tokyo,,⚠️ שירותים,✓ בגדים מתאימים וכיסים נסגרים בריצ'רץ' (לאקסטרים)
🏮,07 (שני),19/10/2026,Omoide Yokocho & Kabukicho,⭐⭐⭐⭐⭐ חובה,"1 Chome-2 Nishishinjuku, Shinjuku City, Tokyo 160-0023, Japan",🌃 לילה,"שינג'וקו סייברפאנק בלילה:
• סיור בסמטת Omoide Yokocho, ומעבר אל קבוקיצ'ו (Kabukicho) לצפייה בשלט גודזילה הענק.

⚠️ אזהרה בטיחותית: לא ללכת בשום אופן אחרי יחצני רחוב המציעים מועדונים!","נסיעה בקו הרכבת JR 🔵 Chuo Line (מתחנת Suidobashi) ישירות לשינג'וקו (14 דקות).
[יציאה מומלצת: Shinjuku Station - East Exit]",טוקיו - שינג'וקו,16:30 - 19:30,3 שעות,,חינם,**🚶‍♂️ אין צורך בהזמנה מראש: סיור רחוב חופשי.**,https://www.japan-guide.com/e/e3011.html,≈ 25 דקות ברכבת,https://www.google.com/maps/dir/?api=1&origin=Thunder+Dolphin+Tokyo&destination=Omoide+Yokocho,,⚠️ שירותים,✓ עירנות (אזור חיי לילה)
🧳,07 (שני),19/10/2026,משלוח מזוודה ל-Kyoto,⭐⭐⭐⭐⭐ חובה,"4 Chome-25-3 Chuo, Ota City, Tokyo 143-0024, Japan",הכל (מקורה),"לוגיסטיקה חובה (Ta-Q-Bin): שילוח המזוודה הגדולה לקיוטו.
מהלך חובה כדי לנסוע קלים להאקונה ונאגויה!

📦 פרטי המשלוח למילוי בטופס הוורוד (Ta-Q-Bin):
• שם המלון: Hostel Gion SORA
• כתובת: 427 Rinkacho, Higashiyama Ward, Kyoto
• מיקוד: 605-0062

🚨 חובה להוציא: סוללות ליתיום ומטענים ניידים (Power banks)! שמור את קבלת המעקב (Tracking Slip).","ביצוע השילוח בדלפק חנות הנוחות 7-Eleven שנמצאת בדיוק באותו הבלוק של הדירה (מרחק דקת הליכה).
[הנחיית שילוח: ❌ כרטיס IC לא תופס, תשלום באשראי או מזומן].",טוקיו - אומורי,20:30 - 21:00,30 דקות,,"60 ₪ (~3,200 ¥)",**🚶‍♂️ אין צורך להזמין מראש: מילוי טופס שילוח ותשלום במקום.**,https://www.kuronekoyamato.co.jp/ytc/en/,≈ 45 דקות ברכבת חזרה לאומורי,https://www.google.com/maps/dir/?api=1&origin=Shinjuku+Station&destination=Omori+Station+Tokyo,,⚠️ שירותים,✓ סוללות ניידות **מחוץ** למזוודה | ✓ כתובת ההוסטל מודפסת/בטלפון | ✓ כסף לתשלום
🛒,07 (שני),19/10/2026,LIFE Omori Store,⭐⭐⭐⭐ מומלץ,"2 Chome-2-20 Chuo, Ota City, Tokyo 143-0024, Japan",הכל (מקורה),"סופרמרקט ענק (LIFE):
• בלוק זמן להצטיידות קריטית במצרכים כשרים, פירות, מים וחטיפים לקראת היציאה מהעיר וההגעה להאקונה מחר בבוקר.","מיקום צמוד לחלוטין לתחנת Omori ולדירה שלך, מרחק הליכה של 3 דקות.",טוקיו - אומורי,21:00 - 21:45,45 דקות,,לפי קנייה,**🚶‍♂️ אין צורך להזמין מראש: קניות חופשי.**,http://www.lifecorp.jp/,≈ 5 דקות הליכה,https://www.google.com/maps/dir/?api=1&origin=Omori+Station+Tokyo&destination=Life+Omori,,⚠️ שירותים,✓ שקית רב פעמית לקניות
🏠,07 (שני),19/10/2026,🏠 Casa Central (Tokyo),⭐⭐⭐⭐⭐ חובה,"4 Chome-26-7 Chuo, Ota City, Tokyo 143-0024, Japan",הכל (מקורה),"לילה אחרון בדירת טוקיו (קאזה סנטרל):
• אריזת תיק הגב הקטן שישמש אותך ביומיים הקרובים להאקונה ונאגויה.
[חלון זמן צ'ק-אאוט עצמי מחר: 06:00 - 11:00].",הליכה קצרה מהסופרמרקט בחזרה לדירה.,טוקיו - אומורי,22:00 - 07:30,לינה,,שולם,**✅ כבר הוזמן מראש (צ'ק-אאוט מלא מחר בבוקר).**,https://www.booking.com/,≈ 5 דקות הליכה,https://www.google.com/maps/dir/?api=1&origin=Life+Omori&destination=4-26-7+Chuo+Ota+City+Tokyo,,⚠️ שירותים,✓ מזוודה שנארזה ונשלחה (תישאר רק עם תיק גב קטן)
🚄,08 (שלישי),20/10/2026,Odawara Station (Hakone Gateway),⭐⭐⭐⭐⭐ חובה,"1 Chome-1-9 Shiroyama, Odawara, Kanagawa 250-0045, Japan",הכל,"עזיבת טוקיו דרומה והגעה לתחנת אודווארה - שער הכניסה המרכזי להאקונה.

[רמת עומס יומית: 🟡 בינוני - מעבר עם תיק גב].
[מיקום Coin Locker: רציף מרכזי קומה 2].","מתחנת Omori קח קו JR Keihin-Tohoku דרומה ל-Yokohama, והחלף לקו המהיר JR Tokaido Line לתחנת Odawara.
[יציאה מומלצת: East Exit]",טוקיו > האקונה,08:30 - 10:30,שעתיים,,"35 ₪ (~1,900 ¥)",**🚶‍♂️ תשלום במקום: באמצעות כרטיס IC בשערי התחנה.**,https://www.hakonenavi.jp/international/en/,≈ שעה ו-15 דקות ברכבות,https://www.google.com/maps/dir/?api=1&origin=4-26-7+Chuo+Ota+City+Tokyo&destination=Odawara+Station,,⚠️ לוקרים | ⚠️ שירותים,✓ תיק גב קטן בלבד | ✓ כרטיס IC טעון היטב
♨️,08 (שלישי),20/10/2026,Tenzan Onsen (Tenzan Tohji-kyo),⭐⭐⭐⭐⭐ חובה,"208 Yumotochaya, Hakone, Ashigarashimo District, Kanagawa 250-0312, Japan",הכל (מושלם גם בגשם קל),"אונסן טנזאן האותנטי:
• חוויית טבילה מסורתית במעיינות חמים טבעיים בלב היער.
(מותר לבעלי קעקועים קטנים/מוסתרים, חלוקה מגדרית מלאה).","מתחנת Odawara קח רכבת Hakone Tozan לתחנת Hakone-Yumoto, ומשם אוטובוס מקומי בקו K.",האקונה - יומוטו,10:45 - 13:00,שעתיים ורבע,,"35 ₪ (~1,900 ¥)",**🚶‍♂️ תשלום במקום: בקופות במזומן בלבד! (אין הזמנה מראש).**,https://tenzan.jp/english/,≈ 30 דקות (רכבת + אוטובוס),https://www.google.com/maps/dir/?api=1&origin=Odawara+Station&destination=Tenzan+Onsen+Hakone,,⚠️ שירותים,✓ מגבת גוף קטנה (אם יש) | ✓ מזומן (חובה!)
🚆,08 (שלישי),20/10/2026,Hakone Tozan Railway,⭐⭐⭐⭐ מומלץ,"707-1 Yumoto, Hakone, Ashigarashimo District, Kanagawa 250-0311, Japan",הכל,"רכבת ההרים של האקונה (Hakone Tozan):
• נסיעה ברכבת קטנה המטפסת על צלע ההר התלול זיג-זג בין יערות עבותים.","חזרה קצרה באוטובוס מתחנת Tenzan אל תחנת Hakone-Yumoto ועליה לרכבת ההרים.
[הנחיית נסיעה: ✅ כרטיס IC]",האקונה - ערים,13:00 - 13:45,45 דקות,,"11 ₪ (~600 ¥)",**🚶‍♂️ תשלום במקום: כרטיס IC.**,https://www.hakonenavi.jp/international/en/,≈ 15 דקות באוטובוס,https://www.google.com/maps/dir/?api=1&origin=Tenzan+Onsen+Hakone&destination=Hakone-Yumoto+Station,,⚠️ שירותים,✓ כרטיס IC
🗿,08 (שלישי),20/10/2026,Hakone Open-Air Museum,⭐⭐⭐⭐ מומלץ,"1121 Ninotaira, Hakone, Ashigarashimo District, Kanagawa 250-0407, Japan",☀️ שמש / ☁️ מעונן,"המוזיאון הפתוח בהאקונה (נקי מסמלים דתיים):
• פארק מדהים וירוק רחב ידיים המשלב טבע הררי עם פסלי ענק.

💡 Plan B גשם:
אם יורד גשם כבד, דלג על חלק מהשבילים החיצוניים וכנס ישירות לביתן פיקאסו המקורה.","ירידה ברכבת ההרים בתחנת Chokokunomori (תחנה אחת לפני גורה), והליכה קצרה.
[הנחיית רכבת: ✅ כרטיס IC]",האקונה - מרכז (גורה),13:45 - 16:15,שעתיים וחצי,,"40 ₪ (~2,150 ¥)",**🚨 מומלץ להזמין מראש: שבוע מראש ב-Klook לדילוג על התור.**,https://www.klook.com/,≈ 40 דקות ברכבת,https://www.google.com/maps/dir/?api=1&origin=Hakone-Yumoto+Station&destination=Hakone+Open-Air+Museum,,⚠️ שירותים,✓ נעלי הליכה נוחות
🚠,08 (שלישי),20/10/2026,Hakone Ropeway / Bus to Togendai,⭐⭐⭐⭐⭐ חובה,"1300 Gora, Hakone, Ashigarashimo District, Kanagawa 250-0408, Japan",☀️ שמש (ראות טובה),"רכבל האקונה:
• נסיעה ברכבל תלוי המציע תצפית פנורמית על העמק הגיאותרמי והר פוג'י.

💡 Plan B ערפל כבד/רוח:
אם הרכבל מושבת, קח אוטובוס מקומי (קו H/T) מתחנת גורה ישירות למסוף Togendai.","הליכה מתחנת גורה לתחנת הרכבל Sounzan, ועליה לרכבל לכיוון Togendai.
[הנחיית רכבל: ❌ כרטיס IC לא תקף ברכבל, רכוש כרטיס בקופה].",האקונה - טוגנדאי,16:15 - 17:00,45 דקות,,"30 ₪ (~1,600 ¥)",**🚶‍♂️ תשלום במקום: קופות הרכבל בתחנת המוצא.**,https://www.hakonenavi.jp/international/en/,≈ 45 דקות נסיעה ברכבל,https://www.google.com/maps/dir/?api=1&origin=Hakone+Open-Air+Museum&destination=Togendai+Station+Hakone,,⚠️ שירותים,✓ מצלמה בשלוף לנוף לפוג'י
🏨,08 (שלישי),20/10/2026,🏨 Chojuyu Hakone (Ryokan),⭐⭐⭐⭐⭐ חובה,"1245-725 Sengokuhara, Hakone, Kanagawa 250-0631, Japan",הכל (מקורה),"לינה בריוקאן מסורתי (Chojuyu):
• חוויית לינה אותנטית על מחצלות טאטאמי ומרחצאות.

🚨 אזהרת תזונה: חובה להצטייד בארוחת ערב כשרה מראש, בריוקאן לא מוגש אוכל כשר!","ממסוף הרכבל Togendai קח אוטובוס מקומי בקו T צפונה ישירות לרובע Sengokuhara.
[הנחיית אוטובוס: ✅ כרטיס IC].",האקונה - סנגוקוהרה,17:15 ואילך,לינה,,שולם,**✅ כבר הוזמן. צ'ק-אין מסתיים ב-19:00 בדיוק!**,https://www.booking.com/,≈ 20 דקות באוטובוס,https://www.google.com/maps/dir/?api=1&origin=Togendai+Station+Hakone&destination=1245-725+Sengokuhara+Hakone,,⚠️ שירותים,✓ אוכל מוכן מראש (הריוקאן לא מגיש אוכל כשר)
🚌,09 (רביעי),21/10/2026,Hakone Tozan Bus,⭐⭐⭐⭐⭐ חובה,"164 Moto-Hakone, Hakone, Ashigarashimo District, Kanagawa 250-0522, Japan",הכל,"עזיבת הריוקאן בבוקר ונסיעה חזרה דרומה לכיוון אגם אשי.

[רמת עומס יומית: 🔴 קשה - יום מעבר ארוך ודינמי אל נאגויה].","תחנת אוטובוס מחוץ לפתח הריוקאן, עליה על קו האוטובוס המקומי T ישירות אל מסוף האוטובוסים ב-Moto-Hakone.",האקונה,09:00 - 09:15,15 דקות,,"10 ₪ (~550 ¥)",**🚶‍♂️ תשלום במקום (באמצעות כרטיס IC).**,https://www.hakonenavi.jp/international/en/,≈ 40 דקות באוטובוס,https://www.google.com/maps/dir/?api=1&origin=1245-725+Sengokuhara+Hakone&destination=Togendai+Port,,⚠️ שירותים,✓ ארגון התיק הקטן מראש לעזיבה מהירה
⛴️,09 (רביעי),21/10/2026,Hakone Sightseeing Cruise,⭐⭐⭐⭐ מומלץ,"164 Moto-Hakone, Hakone, Ashigarashimo District, Kanagawa 250-0522, Japan",☀️ שמש / ☁️ מעונן,"שייט בספינת הפיראטים באגם אשי:
• הפלגה נופית המציעה מבט פנורמי על ההרים והר פוג'י באופק.

💡 Plan B ערפל כבד:
אם השייט מושבת, דלג על האוניה וקח אוטובוס ישיר קו H מסביב לאגם.","הספינה יוצאת ישירות ממזח Moto-Hakone Pier לכיוון הצד השני.
[הנחיית שייט: ❌ כרטיס IC לא תקף, רכוש כרטיס בקופה].",האקונה - אגם אשי,09:30 - 10:45,שעה ורבע,,"30 ₪ (~1,600 ¥)",**🚨 מומלץ להזמין מראש: שבועיים מראש ב-Klook.**,https://www.klook.com/,הגעה ישירה לאותו מתחם (0 דקות),https://www.google.com/maps/dir/?api=1&origin=Togendai+Port&destination=Moto-Hakone+Port,🚨 גשם ⭐⭐⭐⭐⭐,⚠️ שירותים,✓ שובר Klook זמין באפליקציה
🚌,09 (רביעי),21/10/2026,Tokai Bus to Mishima,⭐⭐⭐⭐⭐ חובה,"6-40 Moto-Hakone, Hakone, Ashigarashimo District, Kanagawa 250-0522, Japan",הכל,"נסיעה בינארונית מהאקונה:
• אוטובוס מהיר מאזור אגם אשי לחבל מישימה לטובת מעבר לתחנת הרכבת המהירה.","האוטובוס ממתין במסוף האוטובוסים של Tokai Bus ב-Moto-Hakone.
[הנחיית אוטובוס: ✅ כרטיס IC תופס].",האקונה > מישימה,11:00 - 11:30,30 דקות,,"25 ₪ (~1,350 ¥)",**🚶‍♂️ תשלום במקום: בהצמדת כרטיס IC ביציאה מהאוטובוס.**,https://www.hakonenavi.jp/international/en/,≈ 40 דקות באוטובוס,https://www.google.com/maps/dir/?api=1&origin=Moto-Hakone+Port&destination=Mishima+Skywalk,,⚠️ שירותים,✓ כרטיס IC
🌉,09 (רביעי),21/10/2026,Mishima Skywalk,⭐⭐⭐⭐ מומלץ,"313 Sasahara Shinden, Mishima, Shizuoka 411-0012, Japan",☀️ שמש / ☁️ מעונן (ללא רוח),"מישימה סקיי-ווק:
• חציית גשר הולכי הרגל התלוי הארוך ביותר ביפן באוויר הפתוח.

💡 Plan B רוח סוערת:
אם הגשר נסגר מטעמי בטיחות, הגיבוי הוא כניסה למתחם החממות המקורה Sky Garden.",האוטובוס הבינארוני שקחת עוצר בדיוק בתחנה הייעודית בכניסה הראשית לפארק.,מישימה,11:30 - 12:30,שעה,,"25 ₪ (~1,350 ¥)",**🚶‍♂️ אין צורך להזמין מראש. כרטיס נרכש בקופות.**,https://mishima-skywalk.jp/en/,ירידה ישירות בכניסה לפארק,https://www.google.com/maps/dir/?api=1&origin=Moto-Hakone+Port&destination=Mishima+Skywalk,,⚠️ שירותים,✓ בגדים לרוח צד (מעיל קל אם צריך)
🧗,09 (רביעי),21/10/2026,Forest Adventure Mishima Skywalk,⭐⭐⭐⭐⭐ חובה,"313 Sasahara Shinden, Mishima, Shizuoka 411-0012, Japan",☀️ שמש / ☁️ מעונן,"פארק אקסטרים בחורש הטבעי:
• פארק חבלים, טיפוס צמרות ואומגות אקסטרים (Zip-line)!
[סיום מוגדר ב-14:40 בדיוק למניעת לחץ זמנים].","נמצא בתוך המתחם הפנימי של ה-Skywalk, מעבר רגלי קצר לאחר חציית הגשר.",מישימה,12:30 - 14:40,שעתיים ועשר דקות,,"95 ₪ (~5,100 ¥)",**🚨 חובה להזמין מראש: שבועיים מראש באתר הרשמי!**,https://fa-mishima.foret-aventure.jp/eng/,≈ 10 דקות הליכה פנימית,https://www.google.com/maps/dir/?api=1&origin=Mishima+Skywalk&destination=Forest+Adventure+Mishima+Skywalk,,⚠️ שירותים,✓ נעלי ספורט סגורות (חובה לאקסטרים!) | ✓ בגדי ספורט
🚌,09 (רביעי),21/10/2026,Bus to Mishima Station,⭐⭐⭐⭐⭐ חובה,"16-1 Ichibancho, Mishima, Shizuoka 411-0036, Japan",הכל,"נסיעה לתחנת רכבת:
• אוטובוס מקומי קצר מפארק האקסטרים אל תחנת הרכבת המרכזית של מישימה.","עליה על אוטובוס של Tokai Bus ברציף היציאה של הפארק לכיוון Mishima Station.
[הנחיית אוטובוס: ✅ כרטיס IC].",מישימה,14:55 - 15:25,30 דקות,,"15 ₪ (~800 ¥)",**🚶‍♂️ תשלום במקום (כרטיס IC).**,,≈ 35 דקות נסיעה באוטובוס,https://www.google.com/maps/dir/?api=1&origin=Forest+Adventure+Mishima+Skywalk&destination=Mishima+Station,,⚠️ לוקרים | ⚠️ שירותים,✓ כרטיס IC
🚄,09 (רביעי),21/10/2026,Mishima Station (Shinkansen),⭐⭐⭐⭐⭐ חובה,"16-1 Ichibancho, Mishima, Shizuoka 411-0036, Japan",הכל,"נסיעת שינקנסן מישימה לנאגויה:
• עלייה על רכבת הקליע המהירה. [מרווח ביטחון מעולה של 50 דקות בתחנה].

🚨 חוק שינקנסן: בחר באפליקציה מושב בצד ימין (מושב E) ליהנות מנוף ישיר להר פוג'י!","עליה לרציף השינקנסן (רכבת Kodama או Hikari).
[הנחיית רכבת: ❌ כרטיס IC לא תופס! חובה קוד QR מאפליקציית SmartEX].",מישימה > נאגויה,16:15 - 18:00,שעה ו-45 דקות,,"205 ₪ (~11,000 ¥)",**🚨 חובה להזמין מראש: בדיוק 30 יום מראש באפליקציית SmartEX (שריין מושב E).**,https://smart-ex.jp/en/,≈ 105 דקות נסיעה מהירה,https://www.google.com/maps/dir/?api=1&origin=Mishima+Station&destination=Nagoya+Station,,⚠️ לוקרים | ⚠️ שירותים,✓ קוד QR מוכן בסמארטפון (SmartEX)
🏠,09 (רביעי),21/10/2026,🏠 9h nine hours Nagoya (Capsule),⭐⭐⭐⭐⭐ חובה,"2 Chome-42-2 Meieki, Nakamura Ward, Nagoya, Aichi 450-0002, Japan",הכל (מקורה),"מלון קפסולות עתידני (9h nine hours):
• חוויית לינה טכנולוגית (לגברים בלבד). הציוד נשאר בלוקר פרטי מחוץ לקפסולה.","ירידה בתחנת Nagoya, והליכה רגלית קצרה של כ-6 דקות למלון.
[יציאה מומלצת: תחנת Nagoya - Sakura-dori Exit]",נאגויה,18:15 ואילך,לינה,,שולם,**✅ כבר הוזמן. (צ'ק-אאוט עצמי מחר עד 11:00).**,https://www.booking.com/,≈ 6 דקות הליכה,https://www.google.com/maps/dir/?api=1&origin=Nagoya+Station&destination=9h+nine+hours+Nagoya,,⚠️ שירותים,✓ בגדים לשינה | ✓ ציוד רחצה קל (אם כי רובו מסופק בקפסולה)
🚄,10 (חמישי),22/10/2026,Nagoya Station to Kyoto Station,⭐⭐⭐⭐⭐ חובה,"1-1-4 Meieki, Nakamura Ward, Nagoya, Aichi 450-0002, Japan",הכל,"מעבר מהיר לקיוטו:
• עזיבת נאגויה על הבוקר ברכבת המהירה כדי לפתוח יום מלא בעיר התרבות.

[רמת עומס יומית: 🟡 בינוני - יום הליכה עירוני].","חזרה רגלית לתחנת Nagoya, ועליה על קו Tokaido Shinkansen לכיוון מערב.
[הנחיית רכבת: ❌ חובה כרטיס שינקנסן מוזמן מראש ב-SmartEX].",נאגויה > קיוטו,09:00 - 09:40,40 דקות,,"105 ₪ (~5,600 ¥)",**🚨 חובה להזמין מראש: בדיוק 30 יום מראש באפליקציית SmartEX.**,https://smart-ex.jp/en/,≈ 40 דקות נסיעה,https://www.google.com/maps/dir/?api=1&origin=9h+nine+hours+Nagoya&destination=Kyoto+Station,,⚠️ לוקרים | ⚠️ שירותים,✓ קוד QR לשינקנסן
☕/🎒,10 (חמישי),22/10/2026,Kyoto Station (Coin Lockers),⭐⭐⭐⭐⭐ חובה,"Kyoto Station, Kyoto, Japan",הכל (מקורה),"אחסון מהיר של תיק הגב הקטן בלוקר (Coin Locker) בתחנת קיוטו. המזוודה הגדולה שלך כבר מחכה לך בהוסטל ממילא! התארגנות זריזה ויציאה לעיר משוחרר לחלוטין.","מיד עם הירידה מהשינקנסן גש לאזור הלוקרים הרבים הפזורים ברחבי התחנה.",קיוטו - מרכז,09:45 - 10:00,15 דקות,,חינם,**🚶‍♂️ תשלום במקום (מטבעות או כרטיס IC).**,,נמצא בתוך התחנה,,⚠️ לוקרים | ⚠️ שירותים,✓ מטבעות 100 ין או כרטיס IC טעון ללוקר
🏯,10 (חמישי),22/10/2026,Nijo Castle,⭐⭐⭐⭐ מומלץ,"541 Nijojocho, Nakagyo Ward, Kyoto 604-8301, Japan",הכל (רובו מקורה),"טירת ניג'ו ההיסטורית (חילונית לחלוטין):
• טירתו העתיקה של השוגון הגדול. סיור מדהים וצעידה על 'רצפות הזמיר' המיוחדות.

💡 Plan B גשם:
מושלם, רוב הסיור בתוך מבני העץ המקורים.","מתחנת קיוטו קח את קו הרכבת התחתית Karasuma לתחנת Karasuma Oike, והחלף ל-Tozai Line לתחנת Nijojo-mae.
[יציאה מומלצת: יציאה 1 - מול שער הטירה]",קיוטו - מרכז,10:15 - 11:45,שעה וחצי,,"30 ₪ (~1,600 ¥)",**🚨 מומלץ להזמין מראש: ב-Klook שבוע מראש לדילוג מהיר על התור!**,https://www.klook.com/,≈ 20 דקות בתחתית,https://www.google.com/maps/dir/?api=1&origin=Kyoto+Station&destination=Nijo+Castle,,⚠️ שירותים,✓ משקפי שמש | ✓ נעליים נוחות להליכה
🛍️,10 (חמישי),22/10/2026,Nishiki Market & Teramachi,⭐⭐⭐⭐ מומלץ,"Nakagyo Ward, Kyoto 604-8055, Japan",הכל (מקורה),"שוק נישיקי ומדרחוב Teramachi:
• סיור צהריים תוסס בשוק האוכל והמדרחובים המקורים של קיוטו (חילוני לחלוטין).","קח רכבת תחתית מתחנת Nijo חזרה למרכז העיר, ירידה ב-Karasuma Oike או Shijo.
[יציאה מומלצת: תחנת Shijo יציאה 1]",קיוטו - מרכז,12:00 - 13:30,שעתיים,,לפי קנייה,**🚶‍♂️ אין צורך להזמין מראש: כניסה חופשית.**,https://www.japan-guide.com/e/e3959.html,≈ 15 דקות ברכבת וקצת הליכה,https://www.google.com/maps/dir/?api=1&origin=Nijo+Castle&destination=Nishiki+Market+Kyoto,,⚠️ שירותים,✓ מזומן דק לקניות קטנות ודוכנים
🍄,10 (חמישי),22/10/2026,Nintendo Kyoto (Takashimaya T8),⭐⭐⭐⭐⭐ חובה,"8002 Otabicho, Shimogyo Ward, Kyoto 600-8002, Japan",הכל (מקורה),"חנות הדגל הענקית והחדשה של נינטנדו (בקניון טקאשימאיה):
• מאחר והמזוודה שלך כבר נשלחה להוסטל ממילא, מיד כשאתה יורד מהשינקנסן זרוק את תיק הגב הקטן בלוקר בתחנת קיוטו וצא לעיר קליל לגמרי!
• חוויית גיימינג מטורפת, פסלי ענק של מריו ולינק, קונסולות ומרצ'נדייז רשמי ללא סמלי דת.","צמוד לשוק נישיקי, הליכה של 2 דקות לקניון Takashimaya, קומה 7.",קיוטו - מרכז,13:30 - 15:00,שעה וחצי,,חינם,**🚶‍♂️ אין צורך להזמין מראש: כניסה חופשית לחנות.**,https://www.nintendo.com/jp/officialstore/,≈ 5 דקות הליכה משוק נישיקי,https://www.google.com/maps/dir/?api=1&origin=Nishiki+Market+Kyoto&destination=Nintendo+Kyoto+Store,,⚠️ שירותים,✓ כרטיס אשראי (למרצ'נדייז)
🌳,10 (חמישי),22/10/2026,Kyoto Botanical Gardens,⭐⭐⭐ אם יש זמן,"Hanyuancho, Shimogyo Ward, Kyoto 606-0823, Japan",☀️ שמש / ☁️ מעונן,"הגנים הבוטניים של קיוטו (חילוניים):
• סיור של אחר הצהריים בין חממות צמחיות ענקיות ושבילי שלכת שלווים.","עליה על קו תחתית Karasuma Line מהשוק צפונה לתחנת Kitayama.
[יציאה מומלצת: יציאה 3 - כניסה ישירה לגנים]",קיוטו - צפון,15:30 - 17:30,שעתיים,,"15 ₪ (~800 ¥)",**🚶‍♂️ קניית כרטיס כניסה זול בקופות הפיזיות במקום.**,https://www.pref.kyoto.jp/plant/,≈ 30 דקות בתחתית,https://www.google.com/maps/dir/?api=1&origin=Nintendo+Kyoto+Store&destination=Kyoto+Botanical+Gardens,,⚠️ שירותים,✓ מים לסיור הרגלי
✨,10 (חמישי),22/10/2026,Kyoto Station Grand Stairway & Tower,⭐⭐⭐⭐ מומלץ,"Kyoto Station, Kyoto, Japan",🌃 לילה,"קומפלקס תחנת קיוטו:
• עלייה בגרם המדרגות העצום והמואר במופע LED (חינם), ועלייה לתצפית מגדל קיוטו.
💡 זכור לאסוף את תיק הגב מהלוקר!
[מיקום Coin Locker: זמין בשפע בתחנה].","קו תחתית Karasuma דרומה אל תחנת Kyoto Station.
[יציאה מומלצת: Central Exit]",קיוטו - מרכז,18:30 - 20:00,שעה וחצי,,"25 ₪ (למגדל) (~1,350 ¥)",**🚨 מומלץ להזמין מראש: כרטיס למגדל ב-Klook.**,https://www.kyoto-station-building.co.jp/english/,≈ 25 דקות בתחתית,https://www.google.com/maps/dir/?api=1&origin=Kyoto+Botanical+Gardens&destination=Kyoto+Station,,⚠️ לוקרים | ⚠️ שירותים,✓ מפתח הלוקר / כרטיס IC של הלוקר!
🏠,10 (חמישי),22/10/2026,🏠 Hostel Gion SORA (Kyoto),⭐⭐⭐⭐⭐ חובה,"427 Rinkacho, Higashiyama Ward, Kyoto 605-0062, Japan",הכל (מקורה),"חזרה להוסטל בסיום היום:
• ביצוע צ'ק-אין מלא, קבלת מפתח לחדר, התארגנות ומנוחה.",אוטובוס עירוני (206 או 86) או מונית מתחנת קיוטו חזרה לגיון.,קיוטו - גיון,20:30 - 07:30,לינה,,שולם,**✅ כבר הוזמן (צ'ק-אין מלא וקבלת חדר).**,https://www.booking.com/,≈ 25 דקות באוטובוס,https://www.google.com/maps/dir/?api=1&origin=Kyoto+Station&destination=427+Rinkacho+Kyoto,,⚠️ שירותים,✓ דרכון לצ'ק אין להוסטל
🌳,11 (שישי),23/10/2026,Kyoto Gyoen National Garden,⭐⭐⭐ אם יש זמן,"3 Kyotogyoen, Kamigyo Ward, Kyoto 602-0881, Japan",☀️ שמש / ☁️ מעונן,"גני הארמון הקיסרי בקיוטו (חילוניים):
• פארק ציבורי היסטורי עצום. מושלם להליכת בוקר בריאה באוויר הצח.

[רמת עומס יומית: 🟢 קל - התארגנות מוקדמת לשבת].","נסיעה קצרה בתחתית מתחנת Sanjo (קרוב לגיון) לתחנת Marutamachi.
[יציאה מומלצת: יציאה 1]",קיוטו - מרכז,08:30 - 10:00,שעה וחצי,,חינם,**🚶‍♂️ אין צורך להזמין מראש: גנים פתוחים לקהל הרחב.**,https://fng.or.jp/kyoto/en/,≈ 25 דקות (תחתית + הליכה),https://www.google.com/maps/dir/?api=1&origin=427+Rinkacho+Kyoto&destination=Kyoto+Gyoen+National+Garden,,⚠️ שירותים,✓ נעלי הליכה
⚔️,11 (שישי),23/10/2026,Samurai & Ninja Museum Kyoto,⭐⭐⭐⭐⭐ חובה,"292 Higashimonzencho, Nakagyo Ward, Kyoto 604-8043, Japan",הכל (מקורה),"מוזיאון הסמוראים והנינג'ות המקצועי:
• סיור אינטראקטיבי מודרך, תצוגת נשק, לבישת שריון ואימון בחרב קטאנה.

💡 Plan B גשם:
מקורה לחלוטין וממוזג, פתרון מושלם.","הליכה קצרה דרומה או נסיעת תחתית חזרה למרכז העיר.
[יציאה מומלצת: תחנת Kyoto-Kawaramachi יציאה 9]",קיוטו - מרכז,10:30 - 12:00,שעה וחצי,,"80 ₪ (~4,300 ¥)",**🚨 חובה להזמין מראש: באתר הרשמי כדי לשריין מקום לאימון החרב!**,https://www.samuraininja-museum.com/,≈ 20 דקות רכבת,https://www.google.com/maps/dir/?api=1&origin=Kyoto+Gyoen+National+Garden&destination=Samurai+Ninja+Museum+Kyoto,,⚠️ שירותים,✓ בגדים נוחים ללבישת שריון ואימון חרב
🛒,11 (שישי),23/10/2026,Fresco Gojo,⭐⭐⭐⭐⭐ חובה,"270 Azumacho, Shimogyo Ward, Kyoto 600-8104, Japan",הכל (מקורה),"הצטיידות חובה קריטית לשבת (הוקדם במיוחד לצהריים למניעת לחץ!):
• רכישת נתחי סלמון טריים (Sashimi grade - מוכן לאכילה), ירקות, מים ואורז וואקום להכנה מהירה.","נסיעה בתחתית דרומה לתחנת Gojo או הליכה רגלית ישירה.
[יציאה מומלצת: תחנת Gojo יציאה 1]",קיוטו - מרכז,12:30 - 13:00,30 דקות,,לפי קנייה,**🚶‍♂️ תשלום במקום.**,https://www.super-fresco.co.jp/,≈ 15 דקות בתחתית,https://www.google.com/maps/dir/?api=1&origin=Samurai+Ninja+Museum+Kyoto&destination=Fresco+Gojo+Kyoto,,⚠️ שירותים,✓ שקית רב פעמית לקניות | ✓ מזומן
🏠,11 (שישי),23/10/2026,🏠 Hostel Gion SORA (Kyoto),⭐⭐⭐⭐⭐ חובה,"427 Rinkacho, Higashiyama Ward, Kyoto 605-0062, Japan",הכל (מקורה),"התארגנות ארוכה ורגועה לשבת בדירה:
• יש לך פה 3.5 שעות עד כניסת שבת (16:50)!
• הכנת אוכל, נטרול חיישני תאורה, ניתוק אסלה חכמה, מקלחת חמה.",הליכה קצרה או נסיעה באוטובוס מקומי קצר מהסופרמרקט חזרה לדירה.,קיוטו - גיון,13:30 - 16:55,התארגנות,,שולם,**✅ כבר הוזמן. כניסת שבת ב-16:50!**,https://www.booking.com/,≈ 20 דקות באוטובוס,https://www.google.com/maps/dir/?api=1&origin=Fresco+Gojo+Kyoto&destination=427+Rinkacho+Kyoto,,⚠️ שירותים,✓ מסקינטייפ (לחיישנים) | ✓ הכנות לשבת
🕍,11 (שישי),23/10/2026,Chabad Kyoto,⭐⭐⭐⭐⭐ חובה,"17-2 Okazaki Tokuseicho, Sakyo Ward, Kyoto 606-8333, Japan",הכל,"תפילת ערבית, קבלת שבת וקידוש חם בבית חב'ד קיוטו:
• אווירה פתוחה, שיחות והיכרות עם מטיילים צעירים.

[מרווח ביטחון: כ-25 דקות הליכה רגלית מההוסטל].","הליכה רגלית בלבד!
🚨 איסור נסיעה מוחלט ואיסור טלטול חפצים מחוץ לעירוב — השתמש בחגורת שבת למפתח המכני.",קיוטו - מזרח,17:00 - 19:30,זמני שבת,,"תפילה: חינם | סעודה: כ-180 ₪ (~9,700 ¥)",**🚨 חובה להזמין מראש: לסעודת שבת דרך האתר הרשמי. (תפילה - 🚶‍♂️ חינם).**,https://chabad.jp/,≈ 25 דקות הליכה,https://www.google.com/maps/dir/?api=1&origin=427+Rinkacho+Kyoto&destination=Chabad+Kyoto,,⚠️ שירותים,✓ חגורת שבת למפתח | ✓ ביגוד מכבד
🏠,11 (שישי),23/10/2026,🏠 Hostel Gion SORA (Kyoto),⭐⭐⭐⭐⭐ חובה,"427 Rinkacho, Higashiyama Ward, Kyoto 605-0062, Japan",הכל (מקורה),"חזרה להוסטל לאחר הקידוש והתפילה.
• סעודת שבת אישית כשרה בדירה (סלמון, אורז וירקות), מנוחה ושינה רגועה בשבת.",הליכה רגלית נינוחה ומסודרת מבית חב'ד קיוטו חזרה לגיון.,קיוטו - גיון,19:30 - 07:30,לינה,,שולם,**✅ כבר הוזמן מראש בבסיס קבוע.**,https://www.booking.com/,≈ 25 דקות הליכה חזרה,https://www.google.com/maps/dir/?api=1&origin=Chabad+Kyoto&destination=427+Rinkacho+Kyoto,,⚠️ שירותים,✓ שינה טובה
🍽️,12 (שבת),24/10/2026,סעודת שבת בדירה (Kyoto),⭐⭐⭐⭐⭐ חובה,"427 Rinkacho, Higashiyama Ward, Kyoto 605-0062, Japan",הכל,"יום מנוחה מוחלט (שבת קודש):
• תפילה, מנוחה, וסעודות שבת מבוססות על האוכל הנהדר והכשר שהכנת. הטענת מצברים רצינית לשבוע האקסטרים באוסקה.",הישארות נינוחה במתחם ההוסטל.,קיוטו - גיון,כל היום,זמני סעודות,,חינם,**✅ מצרכים כבר הוזמנו/נקנו ביום שישי.**,https://www.booking.com/,הישארות במקום (0 דקות),https://www.google.com/maps/dir/?api=1&origin=427+Rinkacho+Kyoto&destination=427+Rinkacho+Kyoto,,⚠️ שירותים,✓ מנוחה ואוכל טוב שהוכן מראש
🌳,12 (שבת),24/10/2026,Kamo River Walk (Shijo Ohashi),⭐⭐⭐ אם יש זמן,"Shijo Ohashi, Shimogyo Ward, Kyoto 600-8011, Japan",☀️ שמש / ☁️ מעונן,"הליכת שבת פסטורלית לאורך גדות נהר הקאמו:
• גשר שיג'ו חוצה את הנהר בדיוק בצמוד לגיון — ללא צורך בתחבורה ציבורית וללא חשש טלטול.",הליכה רגלית קצרה ופשוטה של כ-8 דקות מההוסטל בגיון אל הנהר.,קיוטו - מרכז / גיון,14:00 - 15:00,שעה,,חינם,**🚶‍♂️ אין צורך להזמין מראש: שביל ציבורי פתוח.**,https://www.japan-guide.com/e/e3946.html,≈ 10 דקות הליכה,https://www.google.com/maps/dir/?api=1&origin=427+Rinkacho+Kyoto&destination=Shijo+Ohashi+Kyoto,,⚠️ שירותים,✓ מפתח הדירה בחגורת שבת
🌳,12 (שבת),24/10/2026,Maruyama Park,⭐⭐⭐ אם יש זמן,"Maruyamacho, Higashiyama Ward, Kyoto 605-0071, Japan",☀️ שמש / ☁️ מעונן,"הליכה שלווה בפארק הציבורי של קיוטו:
• סיור רגלי בין בריכות מים ועצים. פארק חילוני וחינמי הצמוד להוסטל.",הליכה רגלית קצרה של כ-10 דקות מגשר שיג'ו.,קיוטו - גיון,15:15 - 16:30,שעה ורבע,,חינם,**🚶‍♂️ אין צורך להזמין מראש.**,https://kyoto-maruyama-park.jp/,≈ 15 דקות הליכה,https://www.google.com/maps/dir/?api=1&origin=Shijo+Ohashi+Kyoto&destination=Maruyama+Park+Kyoto,,,✓ נעלי הליכה
🌃,12 (שבת),24/10/2026,Gion / Kyoto Center,⭐⭐⭐⭐ מומלץ,"Gion-Shijo Station, Kyoto, Japan",🌃 לילה,"מוצאי שבת:
• הבדלה בדירה עם יציאת השבת (17:50). שיטוט רגלי תוסס ברחובותיה המוארים של קיוטו וגיון.
[רמת עומס: 🟢 קל].",הליכה רגלית ישירה ברחובות הפנימיים.,קיוטו - גיון,18:00 - 19:00,שעה,,חינם,**🚶‍♂️ אין צורך להזמין מראש.**,https://www.japan-guide.com/e/e3902.html,≈ 10 דקות הליכה חזרה לגיון,https://www.google.com/maps/dir/?api=1&origin=427+Rinkacho+Kyoto&destination=Gion+Kyoto,,⚠️ שירותים,✓ טלפון וארנק (יצאה שבת)
✨,12 (שבת),24/10/2026,teamLab Biovortex Kyoto,⭐⭐⭐⭐⭐ חובה,"Kyoto, Japan",הכל (מקורה),"תערוכת האמנות הדיגיטלית teamLab Biovortex:
• מיצגי אור וחושך אינטראקטיביים מבוססי חיישנים. חוויה ויזואלית מרהיבה למוצאי שבת.

💡 Plan B גשם:
תערוכה מקורה ומוגנת.",נסיעה קצרה של כ-10 דקות בתחבורה ציבורית או במונית GO Taxi ממרכז גיון אל התערוכה.,קיוטו - מרכז/מזרח,19:30 - 21:30,שעתיים,,"85 ₪ (~4,600 ¥)",**🚨 חובה להזמין מראש: ב-Klook כחודש-חודשיים מראש עקב מגבלת קהל קשיחה בסופ'ש!**,https://www.klook.com/,≈ 15 דקות באוטובוס או מונית,https://www.google.com/maps/dir/?api=1&origin=Gion+Kyoto&destination=teamLab+Biovortex+Kyoto,,⚠️ שירותים,✓ שובר הזמנה זמין | ✓ מצלמה / טלפון טעון
🏠,12 (שבת),24/10/2026,🏠 Hostel Gion SORA (Kyoto),⭐⭐⭐⭐⭐ חובה,"427 Rinkacho, Higashiyama Ward, Kyoto 605-0062, Japan",הכל (מקורה),"לילה אחרון בקיוטו:
• חזרה להוסטל, ארגון ואריזה לקראת עזיבת העיר מחר בבוקר.
[חלון זמן צ'ק-אאוט מחר: עד 10:00].",חזרה רגלית נוחה או נסיעה קצרה.,קיוטו - גיון,22:00 - 07:30,לינה,,שולם,**✅ כבר הוזמן מראש.**,https://www.booking.com/,≈ 15 דקות באוטובוס או מונית,https://www.google.com/maps/dir/?api=1&origin=teamLab+Biovortex+Kyoto&destination=427+Rinkacho+Kyoto,,⚠️ שירותים,✓ התחלת ארגון התיק הקטן
🎋,13 (ראשון),25/10/2026,Arashiyama Bamboo Grove,⭐⭐⭐⭐⭐ חובה,"Sagatenryuji Susukinobabacho, Ukyo Ward, Kyoto 616-8385, Japan",☀️ שמש (ראות יפה בבוקר),"יער הבמבוק המפורסם באראשייאמה:
• הליכת בוקר פסטורלית בין קני במבוק עצומים. חובה להישאר אך ורק על השביל הציבורי הסלול והמרכזי (חילוני) ולא להיכנס למקדשים!

[רמת עומס יומית: 🔴 קשה - יום המופע באוסקה].","מתחנת Kyoto המרכזית קח את קו JR Sagano Line ישירות לתחנת Saga-Arashiyama.
[יציאה מומלצת: יציאה יחידה]",קיוטו - אראשייאמה,08:00 - 09:00,שעה,,חינם,**🚶‍♂️ אין צורך להזמין מראש (לשביל הציבורי).**,https://www.japan-guide.com/e/e3912.html,≈ 45 דקות ברכבת,https://www.google.com/maps/dir/?api=1&origin=427+Rinkacho+Kyoto&destination=Arashiyama+Bamboo+Grove,,⚠️ שירותים,✓ מצלמה
🚂,13 (ראשון),25/10/2026,Sagano Scenic Railway,⭐⭐⭐⭐⭐ חובה,"Sagatenryuji Kurumamichicho, Ukyo Ward, Kyoto 616-8373, Japan",☀️ שמש / ☁️ מעונן,"הרכבת הנופית הרומנטית של סאגאנו:
• נסיעה ברכבת קלאסית פתוחה למחצה לאורך נהר ההוזו. סיום מושלם של בוקר קיוטו.

💡 Plan B גשם:
הקרונות מקורים בחלקם, החוויה מתקיימת כסדרה.","תחנת היציאה של הרכבת (Saga Torokko) צמודה לתחנת הרכבת JR Saga-Arashiyama.
[הנחיית רכבת: ❌ כרטיס IC לא תופס, דורש כרטיס מוזמן].",קיוטו - אראשייאמה,10:00 - 11:15,שעה ורבע,,"20 ₪ (~1,100 ¥)",**🚨 חובה להזמין מראש: ב-Klook בדיוק חודש מראש לתאריך הנסיעה.**,https://www.klook.com/,≈ 15 דקות הליכה,https://www.google.com/maps/dir/?api=1&origin=Arashiyama+Bamboo+Grove&destination=Saga+Torokko+Station,,⚠️ שירותים,✓ כרטיס Klook זמין
🏠,13 (ראשון),25/10/2026,🏠 MORI Apartment (Osaka),⭐⭐⭐⭐⭐ חובה,"2 Chome-10-7 Nipponbashi, Chuo Ward, Osaka 542-0073, Japan",הכל (מקורה),"הגעה רגועה וישירה לדירת אוסקה לפני המופע:
• נסיעה חלקה מקיוטו, איסוף תיקים מהוסטל גיון, ונסיעה ישירה לאוסקה. מנוחה מוחלטת במיטה לצבירת אנרגיה למופע!

[מיקום Coin Locker: תחנת Namba].","קח את קו JR Special Rapid מתחנת Kyoto לתחנת Osaka המרכזית, והחלף לקו התחתית Sakaisuji לתחנת Nippombashi.
[יציאה מומלצת: יציאה 10]",אוסקה - נאמבה,14:00 - 16:00,שעתיים מנוחה!,,לפי קו,**✅ כבר הוזמן מראש (בסיס לינה קבוע). צ'ק-אין החל מ-15:00.**,https://www.booking.com/,≈ שעה ורבע ברכבות,https://www.google.com/maps/dir/?api=1&origin=Saga+Torokko+Station&destination=2-10-7+Nipponbashi+Osaka,,⚠️ שירותים,✓ מנוחה יסודית לקראת המופע
🎟️,13 (ראשון),25/10/2026,הדפסת כרטיס למופע (FamilyMart / 7-Eleven),⭐⭐⭐⭐⭐ חובה,"Nipponbashi, Osaka",הכל (מקורה),"הדפסת כרטיס המופע הפיזי של LiSA:
• גש למכונה האוטומטית (FamiPort או Loppi) בחנות נוחות, הזן קוד, והקופאי ידפיס את הכרטיס.","הליכה קצרה של 2 דקות מהדירה אל חנות הנוחות הקרובה בבלוק.",אוסקה - נאמבה,16:00 - 16:15,15 דקות,,חינם,**🚶‍♂️ ביצוע במקום באמצעות קוד ההזמנה מהמייל.**,,≈ 5 דקות הליכה,https://www.google.com/maps/search/?api=1&query=Convenience+Store+Nipponbashi,,⚠️ שירותים,✓ קוד איסוף כרטיסים זמין בנייד | ✓ דרכון
🎤,13 (ראשון),25/10/2026,Grand Cube Osaka,⭐⭐⭐⭐⭐ חובה,"5 Chome-3-51 Nakanoshima, Kita Ward, Osaka 530-0005, Japan",הכל (מקורה),"המופע הענק: LiVE is Smile Always (LiSA) בגראנד קיוב אוסקה!
• חוויית קונצרט רוק מטורפת. יציאה רעננה לאחר מנוחה!

[מרווח ביטחון: הגעה להיכל כ-45 דקות לפני].","מנאמבה קח את קו התחתית Midosuji לתחנת Hommachi, והחלף ל-🔵 Chuo לתחנת Nakanoshima (או מונית GO Taxi ב-35 ₪).
[יציאה מומלצת: יציאה 2]",אוסקה - מרכז,16:30 - 21:00,4.5 שעות,,שולם,**✅ כבר הוזמן וטופל! (הכרטיס יודפס).**,https://www.gco.co.jp/en/,≈ 35 דקות ברכבת תחתית,https://www.google.com/maps/dir/?api=1&origin=2-10-7+Nipponbashi+Osaka&destination=Grand+Cube+Osaka,,⚠️ שירותים,✓ כרטיס פיזי ביד | ✓ אטמי אוזניים (מומלץ) | ✓ בגדים קלילים לאולם
🏠,13 (ראשון),25/10/2026,🏠 MORI Apartment (Osaka),⭐⭐⭐⭐⭐ חובה,"2 Chome-10-7 Nipponbashi, Chuo Ward, Osaka 542-0073, Japan",הכל (מקורה),"חזרה מהירה לדירה באוסקה לאחר סיום המופע:
• מנוחה, כביסה מהירה במכונת הדירה ושינה עמוקה.","נסיעה הפוכה ברכבות: קו Keihan מתחנת Nakanoshima חזרה דרומה אל רובע נאמבה/ניפומבאשי.",אוסקה - נאמבה,21:30 - 07:30,לינה,,שולם,**✅ כבר הוזמן.**,https://www.booking.com/,≈ 35 דקות רכבת,https://www.google.com/maps/dir/?api=1&origin=Grand+Cube+Osaka&destination=2-10-7+Nipponbashi+Osaka,,⚠️ שירותים,✓ הפעלת מכונת כביסה אם צריך
🧳,14 (שני),26/10/2026,משלוח מזוודה ל-Narita,⭐⭐⭐⭐⭐ חובה,"2 Chome-10-7 Nipponbashi, Chuo Ward, Osaka 542-0073, Japan",הכל (מקורה),"לוגיסטיקה חובה (Ta-Q-Bin): שילוח המזוודה ישירות לטרמינל 1 בנריטה (ימנע סחיבת משקל באוטובוס הלילה).

✈️ פרטי המשלוח למילוי בטופס שדה תעופה (Airport Ta-Q-Bin):
• שדה תעופה: Narita International Airport (NRT)
• טרמינל: Terminal 1 (Yamato Counter)
• תאריך טיסה (Departure): 29/10/2026
• שעת המראה: 21:30

🚨 חובה להוציא: סוללות ליתיום! שמור את הפתקית כדי לאסוף את המזוודה בשדה.
[רמת עומס יומית: 🟡 בינוני - ציר דרום אוסקה].","ביצוע השילוח בדלפק Yamato או 7-Eleven קרוב באותו רחוב.
[הנחיית שילוח: תשלום במזומן/אשראי].",אוסקה - נאמבה,09:15 - 09:45,30 דקות,,"70 ₪ (~3,800 ¥)",**🚶‍♂️ אין צורך להזמין מראש: מילוי טופס שילוח לשדה.**,https://www.kuronekoyamato.co.jp/ytc/en/,≈ 5 דקות הליכה מפתח הדירה,https://www.google.com/maps/dir/?api=1&origin=2-10-7+Nipponbashi+Osaka&destination=2-10-7+Nipponbashi+Osaka,,⚠️ שירותים,✓ הוצאת סוללות מהמזוודה (חובה!) | ✓ מידע על פרטי הטיסה (שעה וטרמינל)
🥢,14 (שני),26/10/2026,Kuromon Ichiba Market,⭐⭐⭐⭐ מומלץ,"2 Chome-4-1 Nipponbashi, Chuo Ward, Osaka 542-0073, Japan",הכל (מקורה),"שוק האוכל קורומון:
• שוק רחוב מקורה ותוסס. נמצא במרחק פסיעה מהדירה (חילוני לחלוטין).","הליכה רגלית קצרה של כ-3 דקות מהדירה אל תוך סמטאות השוק.",אוסקה - נאמבה,10:00 - 11:30,שעה וחצי,,לפי קנייה,**🚶‍♂️ אין צורך להזמין מראש: סיור חופשי בשוק.**,https://kuromon.com/en/,≈ 5 דקות הליכה מסניף השילוח,https://www.google.com/maps/dir/?api=1&origin=2-10-7+Nipponbashi+Osaka&destination=Kuromon+Ichiba+Market,,⚠️ שירותים,✓ מזומן דק
🎮,14 (שני),26/10/2026,Nipponbashi Denden Town,⭐⭐⭐⭐⭐ חובה,"4 Chome-12 Nipponbashi, Naniwa Ward, Osaka 556-0005, Japan",☀️ שמש / ☁️ מעונן,"רובע החשמל והגיימינג דנדן טאון (Denden Town):
• הגרסה האותנטית של אוסקה לאקיהברה. רחובות מלאים אלקטרוניקה, משחקים ופיגרים.","הליכה רגלית ישירה מזרחה משוק קורומון לאורך הרחוב הראשי של הרובע.",אוסקה - נאמבה,11:30 - 13:30,שעתיים,,חינם,**🚶‍♂️ אין צורך להזמין מראש.**,https://www.japan-guide.com/e/e4001.html,≈ 5 דקות הליכה,https://www.google.com/maps/dir/?api=1&origin=Kuromon+Ichiba+Market&destination=Nipponbashi+Denden+Town,,⚠️ שירותים,✓ פטור ממס בקופה למציגים דרכון
🎧,14 (שני),26/10/2026,e-earphone Osaka Nipponbashi,⭐⭐⭐⭐⭐ חובה,"5 Chome-9-19 Nipponbashi, Naniwa Ward, Osaka 556-0005, Japan",הכל (מקורה),"חנות האודיו e-earphone:
• הגדולה והמקצועית באוסקה! מחלקות של אוזניות קצה ויד-שנייה במצב מושלם.","נמצאת ישירות בתוך מתחם דנדן טאון.",אוסקה - נאמבה,13:30 - 15:00,שעה וחצי,,לפי קנייה,**🚶‍♂️ אין צורך להזמין מראש.**,https://www.e-earphone.jp/,≈ 5 דקות הליכה,https://www.google.com/maps/dir/?api=1&origin=Nipponbashi+Denden+Town&destination=e-earphone+Osaka,,⚠️ שירותים,✓ דרכון (Tax-Free) | ✓ אוזניות ישנות כרפרנס אם רוצים
🏙️,14 (שני),26/10/2026,Abeno Harukas (Edge the Harukas),⭐⭐⭐⭐⭐ חובה,"1 Chome-1-43 Abenosuji, Abeno Ward, Osaka 545-6016, Japan",☀️ שמש (ללא רוח),"מגדל אבנו הרוקאס:
• חוויית 'Edge the Harukas' - הליכה על קצה הבניין באוויר הפתוח (עם רתמת בטיחות)! בתזמון מושלם לקראת השקיעה.

💡 Plan B גשם:
אטרקציית האקסטרים נסגרת, הגיבוי הוא תצפית מקומת הזכוכית המוגנת.","מדנדן טאון קח את קו Midosuji דרומה לתחנת Tennoji.
[יציאה מומלצת: Direct Building Access]",אוסקה - טנוג'י,15:30 - 17:30,שעתיים,,"60 ₪ (~3,200 ¥)",**🚨 מומלץ להזמין מראש: כרטיס לתצפית ב-Klook.** (לתשלום האקסטרים - במקום בלבד).,https://www.klook.com/,≈ 20 דקות ברכבת התחתית,https://www.google.com/maps/dir/?api=1&origin=e-earphone+Osaka&destination=Abeno+Harukas,,⚠️ שירותים,✓ נעליים סגורות לחלוטין (חובה לאקסטרים) | ✓ ללא בגדים מתנפנפים
🌲,14 (שני),26/10/2026,teamLab Botanical Garden Osaka,⭐⭐⭐⭐⭐ חובה,"1-23 Nagaikoen, Higashisumiyoshi Ward, Osaka 546-0034, Japan",🌃 לילה (ללא גשם חזק),"הגן הבוטני של teamLab:
• יצירת אמנות דיגיטלית מהפנטת בחושך המגיבה לתנועה ולרוח. (המשך ישיר דרומה על ציר Midosuji).

💡 Plan B גשם:
בגשם קל התערוכה מרהיבה יותר. בסופה יש לדחות.","המשך נסיעה רציפה בקו Midosuji מתחנת Tennoji לתחנת Nagai.
[יציאה מומלצת: יציאה 3]",אוסקה - נאגאי,18:00 - 20:00,שעתיים,,"45 ₪ (~2,400 ¥)",**🚨 חובה להזמין מראש: ב-Klook שבועיים מראש!**,https://www.klook.com/,≈ 15 דקות בתחתית,https://www.google.com/maps/dir/?api=1&origin=Abeno+Harukas&destination=Nagai+Botanical+Garden+Osaka,,⚠️ שירותים,✓ תרסיס נגד יתושים לפארק | ✓ נעליים סגורות | ✓ סוללה טעונה
🏠,14 (שני),26/10/2026,🏠 MORI Apartment (Osaka),⭐⭐⭐⭐⭐ חובה,"2 Chome-10-7 Nipponbashi, Chuo Ward, Osaka 542-0073, Japan",הכל (מקורה),"חזרה לדירה בנאמבה למנוחה, זמן חופשי ולינה בנחת.","קו התחתית Midosuji מתחנת Nagai צפונה חזרה אל תחנת Nippombashi.",אוסקה - נאמבה,20:30 - 07:30,מנוחה ולינה,,שולם,**✅ כבר הוזמן מראש (דירה קבועה).**,https://www.booking.com/,≈ 25 דקות בתחתית,https://www.google.com/maps/dir/?api=1&origin=Nagai+Botanical+Garden+Osaka&destination=2-10-7+Nipponbashi+Osaka,,⚠️ שירותים,✓ מנוחה טובה
🌿,15 (שלישי),27/10/2026,Namba Parks Rooftop Gardens,⭐⭐⭐ אם יש זמן,"2 Chome-10-70 Nambanaka, Naniwa Ward, Osaka 556-0011, Japan",☀️ שמש / ☁️ מעונן,"גני הגג המרהיבים של קניון נמבה פארקס:
• הליכת בוקר רעננה בפרויקט אדריכלי עתידני של גנים מדורגים. ממוקם ממש על הדרך לתחנת Midosuji שתקח אותך לאקסטרים בצפון העיר.

[רמת עומס יומית: 🔴 קשה - ציר תנועה נרחב מאקסטרים לספא לקניות].","הליכה רגלית קצרה של כ-10 דקות מהדירה אל קומפלקס נמבה פארקס.",אוסקה - נאמבה,10:00 - 10:45,45 דקות,,חינם,**🚶‍♂️ אין צורך להזמין מראש: כניסה חופשית לגנים.**,https://www.nambaparks.com/,≈ 10 דקות הליכה מהדירה,https://www.google.com/maps/dir/?api=1&origin=2-10-7+Nipponbashi+Osaka&destination=Namba+Parks+Rooftop+Gardens,,,✓ הליכה קלילה כחימום
🏃‍♂️,15 (שלישי),27/10/2026,VS PARK LaLaport EXPOCITY,⭐⭐⭐⭐⭐ חובה,"2-1 Senribanpakukoen, Suita, Osaka 565-0826, Japan",הכל (מקורה),"פארק הספורט הוירטואלי VS PARK:
• אקסטרים פיזי עתידני המשלב סימולטורים דיגיטליים, ריצה מול מסכי ענק ומשחקי מציאות רבודה.","ממתחם נמבה קח את Midosuji צפונה לתחנת Senri-🔵 Chuo, והחלף ל-Osaka Monorail מזרחה לתחנת Bampaku-Kinen-Koen.",אוסקה - צפון (סויטה),11:30 - 14:30,3 שעות,,"75 ₪ (~4,000 ¥)",**🚨 מומלץ להזמין מראש ב-Klook לדילוג על תור!**,https://www.klook.com/,≈ 45 דקות (תחתית + מונורייל),https://www.google.com/maps/dir/?api=1&origin=Namba+Parks+Rooftop+Gardens&destination=VS+PARK+LaLaport+EXPOCITY,,,✓ בגדי ספורט ונעלי ריצה נוחות!
♨️,15 (שלישי),27/10/2026,Solaniwa Onsen,⭐⭐⭐⭐ מומלץ,"1 Chome-2-3 Benten, Minato Ward, Osaka 552-0007, Japan",הכל (מקורה),"פארק מרחצאות האונסן וספא ענק Solaniwa Onsen:
• קומפלקס בריאות מעוצב בסגנון עיירת אדו עתיקה להתאוששות פיזית מוחלטת לאחר האקסטרים של הבוקר!","מתחנת פארק אקספו קח מונורייל מערבה לתחנת Hotarugaike והחלף לקו JR Osaka Loop Line לתחנת Bentencho.
[יציאה מומלצת: יציאה 2A מחוברת ישירות לספא]",אוסקה - מפרץ,15:30 - 17:30,שעתיים,,"65 ₪ (~3,500 ¥)",**🚨 מומלץ להזמין מראש בהנחה ב-Klook.**,https://www.klook.com/,≈ 50 דקות (מונורייל + רכבת),https://www.google.com/maps/dir/?api=1&origin=VS+PARK+LaLaport+EXPOCITY&destination=Solaniwa+Onsen+Osaka,,⚠️ שירותים,✓ בגדים נקיים להחלפה | ✓ תיק רחצה בסיסי (שאר הציוד מסופק שם)
💆‍♂️,15 (שלישי),27/10/2026,Solaniwa Relaxation Salon (Massage),⭐⭐⭐⭐ מומלץ,"1 Chome-2-3 Benten, Minato Ward, Osaka 552-0007, Japan",הכל (מקורה),"סלון הטיפולים של סולאניווא:
• עיסוי כפות רגליים או גוף (Reflexology) לשחרור מוחלט של שרירי הגב לפני המשך הערב.","נמצא ישירות בתוך מתחם Solaniwa Onsen בקומה הייעודית.",אוסקה - מפרץ,17:30 - 18:30,שעה,,"כ-140 ₪ (~7,500 ¥)","**🚨 מומלץ לשריין תור בקבלה מיד עם כניסתך לאונסן בצהריים!**",https://solaniwa.com/en-us/,נמצא בתוך האונסן (0 דקות),https://www.google.com/maps/dir/?api=1&origin=Solaniwa+Onsen+Osaka&destination=Solaniwa+Onsen+Osaka,,⚠️ שירותים,✓ להירגע ולשתות מים
🛍.,15 (שלישי),27/10/2026,Shinsaibashi PARCO,⭐⭐⭐ אם יש זמן,"1 Chome-8-3 Shinsaibashisuji, Chuo Ward, Osaka 542-0085, Japan",הכל (מקורה),"קניון שינסאיבאשי פארוקו:
• חזרה למרכז העיר. קומה 6 היא גן עדן לחובבי תרבות פופ, הכוללת חנויות רשמיות של Capcom ופיגרים מיוחדים.","מתחנת Bentencho קח קו 🔵 Chuo Line לתחנת Hommachi, והחלף דרומה לקו Midosuji לתחנת Shinsaibashi.
[יציאה מומלצת: יציאה 4-A]",אוסקה - שינסאיבאשי,19:00 - 20:15,שעה ורבע,,לפי קנייה,**🚶‍♂️ אין צורך להזמין מראש.**,https://shinsaibashi.parco.jp/,≈ 25 דקות בתחתית,https://www.google.com/maps/dir/?api=1&origin=Solaniwa+Onsen+Osaka&destination=Shinsaibashi+PARCO,,⚠️ שירותים,✓ דרכון (ל-Tax Free)
🍽️,15 (שלישי),27/10/2026,Dotonbori (Dinner),⭐⭐⭐⭐⭐ חובה,"1 Chome-9 Dotonbori, Chuo Ward, Osaka 542-0071, Japan",🌃 לילה,"סיבוב פרידה לילי מדוטונבורי האייקוני:
• צפייה באורות הניאון, צילום איש הגליקו הרץ (Glico Man) ואווירת רחוב מחשמלת שמחברת אותך ישירות לדירה בסיום המסלול.","ירידה רגלית דרומה לאורך מדרחוב שינסאיבאשי עד לגשר תעלת דוטונבורי ומשם לדירה.",אוסקה - דרום,20:15 - 21:45,שעה וחצי,,לפי קנייה,**🚶‍♂️ אין צורך להזמין מראש: סיור רחוב.**,,≈ 15 דקות הליכה רצופה דרומה,https://www.google.com/maps/dir/?api=1&origin=Shinsaibashi+PARCO&destination=Dotonbori+Osaka,,⚠️ שירותים,✓ מצלמה מוכנה
🏠,15 (שלישי),27/10/2026,🏠 MORI Apartment (Osaka),⭐⭐⭐⭐⭐ חובה,"2 Chome-10-7 Nipponbashi, Chuo Ward, Osaka 542-0073, Japan",הכל (מקורה),"חזרה לדירה בנאמבה ללילה אחרון באוסקה:
• אריזת תיק הגב האישי.
[חלון זמן צ'ק-אאוט מחר בבוקר: עד 11:00].","הליכה רגלית נוחה מדוטונבורי מזרחה אל הדירה.",אוסקה - נאמבה,22:00 - 07:30,לינה,,שולם,**✅ כבר הוזמן מראש (צ'ק אאוט עד 11:00).**,https://www.booking.com/,≈ 15 דקות הליכה בחזרה,https://www.google.com/maps/dir/?api=1&origin=Dotonbori+Osaka&destination=2-10-7+Nipponbashi+Osaka,,⚠️ שירותים,✓ אריזת התיק הקטן ועזיבה מחר
🛝,16 (רביעי),28/10/2026,Tsutenkaku Tower Slider,⭐⭐⭐⭐ מומלץ,"1 Chome-18-6 Ebisuhigashi, Naniwa Ward, Osaka 556-0002, Japan",הכל (מקורה),"מגלשת הצינור הספירלית (Tower Slider) במגדל צוטנקאקו:
• חוויית אקסטרים מהירה לפתיחת הבוקר. אתה מגיע משוחרר לגמרי וקל רק עם תיק גב קטן כי המזוודה כבר נשלחה!

[רמת עומס יומית: 🔴 קשה - יום עלייה צפונה לקראת נסיעת הלילה].","לאחר עזיבת הדירה, נסע לתחנת Ebisucho הסמוכה (10 דקות).
[יציאה מומלצת: יציאה 3]",אוסקה - שינסקאי,10:00 - 11:00,שעה,,"25 ₪ (~1,350 ¥)",**🚶‍♂️ תשלום במכונות בכניסה למגדל (לא ניתן לשריון).**,https://www.tsutenkaku.co.jp/,≈ 15 דקות (תחתית + הליכה),https://www.google.com/maps/dir/?api=1&origin=2-10-7+Nipponbashi+Osaka&destination=Tsutenkaku+Osaka,,⚠️ שירותים,✓ כיסים סגורים למגלשה
♨️,16 (רביעי),28/10/2026,SPAWORLD HOTEL & RESORT,⭐⭐⭐⭐ מומלץ,"3 Chome-4-24 Ebisuhigashi, Naniwa Ward, Osaka 556-0002, Japan",הכל (מקורה),"פארק המים וקומפלקס המרחצאות SpaWorld:
• אונסן במגוון נושאים מעוצבים מכל העולם. מקום מצוין להעברת שעות הצהריים ברוגע ולמקלחת יסודית לפני נסיעת הלילה.","הליכה קצרה של 4 דקות מפתח מגדל צוטנקאקו אל הקומפלקס.",אוסקה - שינסקאי,11:00 - 13:30,שעתיים וחצי,,"40 ₪ (~2,200 ¥)",**🚶‍♂️ רכישת כרטיס במכונות האוטומטיות בכניסה.**,https://www.spaworld.co.jp/english/,≈ 5 דקות הליכה,https://www.google.com/maps/dir/?api=1&origin=Tsutenkaku+Osaka&destination=SpaWorld+Osaka,,⚠️ שירותים,✓ דרכון
💻,16 (רביעי),28/10/2026,Yodobashi Camera Umeda,⭐⭐⭐⭐⭐ חובה,"1-1 Ofukacho, Kita Ward, Osaka 530-0011, Japan",הכל (מקורה),"בלוק זמן ענק ונטול לחץ באומדה:
• חנות הדגל המטורפת Yodobashi Camera לשופינג PC קצה, אודיו וחומרה. מתחם אומדה משמש כבסיס ההמתנה המצוין לקראת האוטובוס.","עליה על קו Midosuji Line מתחנת Dobutsuen-mae (ליד ספא וורלד) ישירות צפונה אל תחנת Umeda.
[יציאה מומלצת: יציאה צפונית מחוברת למרתף הבניין]",אוסקה - אומדה,14:15 - 17:00,שעתיים ו-45 דק',,חינם,**🚶‍♂️ הצג דרכון בקופה לקבלת פטור ממס.**,https://www.yodobashi.com/,≈ 25 דקות בתחתית,https://www.google.com/maps/dir/?api=1&origin=SpaWorld+Osaka&destination=Yodobashi+Camera+Umeda,,⚠️ שירותים,✓ דרכון פיזי ל-Tax Free | ✓ כרטיס אשראי
💆‍♂️,16 (רביעי),28/10/2026,Karada Factory (Seitai Clinic),⭐⭐⭐⭐ מומלץ,"LINKS UMEDA 6F, 1-1 Ofukacho, Kita Ward, Osaka 530-0011, Japan",הכל (מקורה),"קליניקת הכירופרקטיקה (Seitai):
• ריענון ושחרור כירופרקטי מוחלט של הגב והגוף קריטי לחלוטין לפני נסיעת הלילה באוטובוס.","נמצאת ישירות באותו בניין עצמו של מתחם Yodobashi בקומה ה-6.",אוסקה - אומדה,17:00 - 18:00,שעה,,"כ-160 ₪ (~8,600 ¥)","**🚨 מומלץ להזמין באתר יום לפני, או לגשת ולשריין תור בצהריים.**",https://karada39.com/,מעבר בין קומות באותו בניין (5 דקות),https://www.google.com/maps/dir/?api=1&origin=Yodobashi+Camera+Umeda&destination=Yodobashi+Camera+Umeda,,⚠️ שירותים,✓ ביגוד נוח ומשוחרר
🍄,16 (רביעי),28/10/2026,Nintendo OSAKA & Pokemon Center,⭐⭐⭐⭐⭐ חובה,"Daimaru Umeda 13F, 3-1-1 Umeda, Kita Ward, Osaka 530-8202, Japan",הכל (מקורה),"חנויות נינטנדו ופוקימון סנטר:
• השלמת מרצ'נדייז בלעדיים, גאדג'טים ומוצרי אספנות של הרגע האחרון.","הליכה במעבר התת-קרקעי לבניין כלבו Daimaru Umeda הסמוך, קומה 13.",אוסקה - אומדה,18:00 - 19:00,שעה,,חינם,**🚶‍♂️ אין צורך להזמין מראש.**,https://www.nintendo.co.jp/officialstore/,≈ 10 דקות הליכה תת קרקעית,https://www.google.com/maps/dir/?api=1&origin=Yodobashi+Camera+Umeda&destination=Nintendo+OSAKA+Daimaru+Umeda,,⚠️ שירותים,✓ חופשי
🏙️,16 (רביעי),28/10/2026,Umeda Sky Building,⭐⭐⭐⭐ מומלץ,"1 Chome-1-88 Oyodonaka, Kita Ward, Osaka 531-0076, Japan",🌃 לילה,"מגדל אומדה סקיי:
• מצפה אדריכלי פנורמי מרהיב ודרגנוע זכוכית התלוי באוויר! מבט פנורמי מושלם של פרידה מאוסקה.

💡 Plan B גשם:
התצפית הפנימית הזכוכית פתוחה ומציעה נוף מוגן מלא.","הליכה לכיוון מערב דרך המנהרה התת-קרקעית מתחנת Umeda אל רחבת הבניין. האוטובוס שלך בלילה יוצא מהבניין הזה בדיוק!",אוסקה - אומדה,19:15 - 20:45,שעה וחצי,,"40 ₪ (~2,150 ¥)",**🚨 מומלץ להזמין מראש: כרטיס ב-Klook יום לפני כדי לחסוך תורים.**,https://www.skybldg.co.jp/en/,≈ 15 דקות הליכה במנהרה,https://www.google.com/maps/dir/?api=1&origin=Nintendo+OSAKA+Daimaru+Umeda&destination=Umeda+Sky+Building,,⚠️ שירותים,✓ ז'קט למרפסת התצפית
🛒,16 (רביעי),28/10/2026,Harves LINKS UMEDA,⭐⭐⭐⭐ מומלץ,"1-1 Ofukacho, Kita Ward, Osaka 530-0011, Japan",הכל (מקורה),"סופרמרקט (Harves):
• הצטיידות קריטית אחרונה במים, חטיפים כשרים ומזון קל עבור נסיעת הלילה באוטובוס ה-VIP.","ממוקם בקומת המרתף של בניין Yodobashi / LINKS UMEDA.",אומדה,21:00 - 21:45,45 דקות,,לפי קנייה,**🚶‍♂️ תשלום בקופה במקום.**,https://www.yodobashi.com/,≈ 15 דקות הליכה בחזרה למתחם LINKS,https://www.google.com/maps/dir/?api=1&origin=Umeda+Sky+Building&destination=Harves+LINKS+UMEDA,,⚠️ שירותים,✓ הצטיידות לאוטובוס לילה
🚌,16 (רביעי),28/10/2026,WILLER EXPRESS Bus Terminal Osaka Umeda,⭐⭐⭐⭐⭐ חובה,"1 Chome-1-88 Oyodonaka, Kita Ward, Osaka 531-0076, Japan",הכל,"אוטובוס לילה VIP לטוקיו:
• נסיעה באוטובוס עם מושבים נשכבים (Relax). מגיעים קלילים כי המזוודה הגדולה ממתנה כבר בנריטה.

[מרווח ביטחון: הגעה למסוף ב-22:10].","הליכה קצרה בחזרה אל מסוף Willer הממוקם בדיוק בקומת הקרקע של Umeda Sky Building.
[הנחיית נסיעה: ❌ כרטיס IC לא תקף, הצג קוד QR].",אוסקה - אומדה,22:30,לילה שלם (נסיעה),,"250 ₪ (~13,440 ¥)",**🚨 חובה להזמין מראש: באתר WILLER EXPRESS מראש (חובה לשריין מושב).**,https://willerexpress.com/en/,≈ 15 דקות הליכה למסוף,https://www.google.com/maps/dir/?api=1&origin=Harves+LINKS+UMEDA&destination=WILLER+EXPRESS+Bus+Terminal+Osaka+Umeda,,⚠️ שירותים,✓ כרית צוואר | ✓ בקבוק מים | ✓ אטמי אוזניים וכיסוי עיניים | ✓ סוודר למזגן
🌳,17 (חמישי),29/10/2026,Ueno Park,⭐⭐⭐ אם יש זמן,"5-20 Uenokoen, Taito City, Tokyo 110-0007, Japan",☀️ שמש / ☁️ מעונן,"פארק אואנו:
• הגעה מוקדמת באוטובוס הלילה והליכת בוקר שקטה בפארק. אתה חופשי ממשקל כבד כי המזוודה כבר בשדה התעופה!

[רמת עומס יומית: 🟢 קל - יום טיסה].","קח רכבת עירונית קצרה אל תחנת Ueno Station והכנס ישירות לפארק.
[יציאה מומלצת: Ueno Station - Park Exit]",טוקיו - אואנו,08:30 - 12:30,4 שעות,,חינם,**🚶‍♂️ אין צורך להזמין מראש: פארק ציבורי חופשי.**,https://www.kensetsu.metro.tokyo.lg.jp/jimusho/toubuk/ueno/index_top.html,ירידה מהאוטובוס ונסיעה של כ-20 דקות לאואנו,https://www.google.com/maps/dir/?api=1&origin=Tokyo+Station&destination=Ueno+Park,,,✓ התרעננות בתחנה לאחר האוטובוס
🛒,17 (חמישי),29/10/2026,Ameyoko Shopping Street,⭐⭐⭐⭐ מומלץ,"4 Chome-9-14 Ueno, Taito City, Tokyo 110-0005, Japan",☀️ שמש / ☁️ מעונן,"שוק הרחוב אמיוקו:
• שוק שוקק חיים, פתוח והיסטורי מתחת למסילת הרכבת העילית (חילוני).","הליכה רגלית קצרה וישירה מתוך שבילי פארק אואנו.",טוקיו - אואנו,13:00 - 15:30,שעתיים וחצי,,חינם,**🚶‍♂️ אין צורך להזמין מראש: סיור רחוב.**,https://www.ameyoko.net/,≈ 10 דקות הליכה פנימית,https://www.google.com/maps/dir/?api=1&origin=Ueno+Park&destination=Ameyoko+Shopping+Street,,⚠️ שירותים,✓ מזומן וכרטיס אשראי לקניות של הרגע האחרון
🛒,17 (חמישי),29/10/2026,Takeya (Okachimachi / Ueno),⭐⭐⭐ אם יש זמן,"4 Chome-33-2 Taito, Taito City, Tokyo 110-0016, Japan",הכל (מקורה),"חנות הדיסקאונט הענקית טאקיה:
• קניית ממתקים אחרונה, שוקולדים ותה ירוק במחירי רצפה (Tax-Free). סמוך מאוד לאואנו.","הליכה רגלית של 10 דקות מסיום שוק אמיוקו לכיוון תחנת Okachimachi.",טוקיו - אואנו,15:45 - 16:30,45 דקות,,לפי קנייה,**🚶‍♂️ הצג דרכון פיזי בקופה לטובת Tax-Free.**,https://takeya.co.jp/english/,≈ 10 דקות הליכה משוק אמיוקו,https://www.google.com/maps/dir/?api=1&origin=Ameyoko+Shopping+Street&destination=Takeya+Okachimachi,,⚠️ שירותים,✓ דרכון פיזי | ✓ תיק קטן פנוי לממתקים
🛫,17 (חמישי),29/10/2026,Narita International Airport,⭐⭐⭐⭐⭐ חובה,"1-1 Furugome, Narita, Chiba 282-0004, Japan",הכל (מקורה),"נמל התעופה נריטה (טרמינל 1):
• גש לדלפק Yamato, הצג קבלה ואסוף את המזוודה הגדולה שלך.
• טיסה נעימה ובטוחה חזרה לישראל! (טיסה ב-21:30)","קח מתחנת Keisei-Ueno את רכבת ה-Keisei Skyliner הטסה ישירות לנריטה (45 דקות).
[הנחיית רכבת: ❌ דורש כרטיס Skyliner שנקנה בקופה].",טוקיו - עזיבה,17:30 (הגעה לשדה),45 דקות נסיעה,,"60 ₪ (~3,200 ¥)",**🚨 מומלץ להזמין מראש: רכבת Skyliner דרך Klook (או במקום).**,,≈ 60 דקות (הליכה לתחנה + רכבת סקייליינר מהירה),https://www.google.com/maps/dir/?api=1&origin=Takeya+Okachimachi&destination=Narita+International+Airport,,⚠️ לוקרים | ⚠️ שירותים,✓ דרכון | ✓ שובר קבלה של משלוח המזוודה (Yamato) | ✓ כרטיסי טיסה