אייקון,יום,תאריך,שם המקום,עדיפות,מיקום במפה,מזג אוויר אידיאלי,תיאור ומה ניתן לעשות,תחבורה והגעה ליעד,אזור במסלול,טווח שעות מומלץ,זמן מוערך,ימי סגירה / הערות חשובות,עלות משוערת (₪ ו-¥),איך ומתי להזמין,קישור,משך נסיעה מהיעד הקודם,ניווט גוגל מפות (מהיעד הקודם),סיכון,מתקנים ודרישות,מה צריך להכין מראש
🌳,טוקיו (חלופה),14-19/10,East Gardens of the Imperial Palace,⭐⭐⭐ אם יש זמן,"Chiyoda City, Tokyo",☀️ שמש / ☁️ מעונן,"הגנים המזרחיים של ארמון הקיסר (חילוני):
• הליכה חופשית בין גנים יפניים מרהיבים, בריכות דגי קוי ושרידי חומות.","הליכה קצרה מתחנת Otemachi או Tokyo.
[יציאה מומלצת: Otemachi Station יציאה C10]",טוקיו - מרכז,10:00 - 12:00,שעה וחצי,סגור שני ושישי,חינם,**🚨 שימו לב: סגור קבוע בימי שני ושישי!**,https://sankan.kunaicho.go.jp/english/,≈ לפי מיקום עדכני,https://www.google.com/maps/dir/?api=1&origin=Tokyo+Station&destination=East+Gardens+of+the+Imperial+Palace,,⚠️ שירותים,✓ משקפי שמש וכובע
🍃,טוקיו (חלופה),14-19/10,Arisugawa-no-miya Memorial Park,⭐⭐⭐ אם יש זמן,"Minato City, Tokyo",☀️ שמש בלבד,"פארק מסורתי, שקט ומוצל באזור מינאטו:
• כולל אגמים קטנים ומפלי מים. מושלם לפעילות של צהרי שבת ללא חילול שבת (קרוב לאומוֹרִי/חב'ד).",הליכה רגלית פשוטה מתחנת Hiroo (קו Hibiya Line).,טוקיו - מינאטו,14:00 - 16:00,שעה,,חינם,**🚶‍♂️ אין צורך להזמין מראש: הפארק פתוח ציבורית.**,https://www.tokyo-park.or.jp/,≈ לפי מיקום עדכני,https://www.google.com/maps/dir/?api=1&origin=Hiroo+Station&destination=Arisugawa-no-miya+Memorial+Park,,,✓ נעלי הליכה
🎮,טוקיו (חלופה),14-19/10,Nakano Broadway,⭐⭐⭐ אם יש זמן,"Nakano City, Tokyo",הכל (מקורה),"מתחם קניון ענק:
• חלופה שקטה ומקורה לאקיהברה. חנויות טכנולוגיה, מנגה, ורשת Mandarake.

💡 Plan B גשם:
יעד מקורה פנטסטי ליום גשום.","נסיעה בקו JR 🔵 Chuo Line מתחנת Shinjuku לתחנת Nakano.
[יציאה מומלצת: North Exit - ישירות למדרחוב]",טוקיו - מערב,14:00 - 17:00,שלוש שעות,,חינם,**🚶‍♂️ אין צורך להזמין מראש.**,https://www.japan-guide.com/e/e3069.html,≈ לפי מיקום עדכני,https://www.google.com/maps/dir/?api=1&origin=Shinjuku+Station&destination=Nakano+Broadway,,⚠️ שירותים,✓ פטור ממס (Tax-Free) לדרכון
🎤,טוקיו (חלופה),14-19/10,Karaoke Kan / Big Echo,⭐⭐⭐ אם יש זמן,"Shinjuku, Tokyo",הכל (מקורה),"חדרי קריוקי פרטיים יפניים (Karaoke Box):
• חדר פרטי אטום עם סאונד מטורף (פתוח 24/7).
[רמת עומס: 🟢 קל].",סניפים של הרשתות נמצאים בכל פינה באזורי שיבויה ושינג'וקו.,טוקיו - בילוי ערב,20:00 - 22:00,שעתיים,,"כ-50 ₪ (~2,700 ¥)",**🚶‍♂️ מגיעים לדלפק הקבלה ומבקשים חדר.**,https://karaokekan.jp/,≈ לפי מיקום עדכני,https://www.google.com/maps/search/?api=1&query=Karaoke+Kan+Shinjuku,,⚠️ שירותים,✓ גרון בריא
🎢,פוג'י (חלופה),14-19/10,Fuji-Q Highland,⭐⭐⭐⭐⭐ חובה,"Fujiyoshida, Yamanashi",☀️ שמש (ללא רוח!),"פארק רכבות ההרים האקסטרימי:
• שובר שיאי גינס (Takabisha, Eejanaika) עם נוף ישיר להר פוג'י!

💡 Plan B גשם/רוח:
במזג אוויר סוער האקסטרים נסגר - חובה לבדוק תחזית!",אוטובוס מהיר (Expressway Bus) משינג'וקו ישירות לפארק (שעה וחצי).,הר פוג'י (גיחה מטוקיו),09:00 - 17:00,יום שלם,נסגר ברוח חזקה,"כ-180 ₪ (~9,700 ¥)",**🚨 חובה להזמין מראש כרטיס ואוטובוס ב-Klook!**,https://www.klook.com/,≈ שעה וחצי משינג'וקו,https://www.google.com/maps/dir/?api=1&origin=Shinjuku+Station&destination=Fuji-Q+Highland,🚨 רוח חזקה ⭐⭐⭐⭐⭐,⚠️ שירותים,✓ בגדים מתאימים וכיסים סגורים היטב | ✓ קרם הגנה
🌸,פוג'י (חלופה),14-19/10,Oishi Park (Kawaguchiko),⭐⭐⭐ אם יש זמן,"Fujikawaguchiko, Yamanashi",☀️ שמש (ראות פוג'י),"פארק פרחים (Oishi Park):
• ממוקם על שפת אגם קוואגוצ'יקו ומציע נוף ישיר מושלם להר פוג'י (חילוני ללא מקדשים).

💡 Plan B ערפל:
אם ההר מכוסה עננים, מומלץ לוותר.","אוטובוס מהיר משינג'וקו ל-Kawaguchiko, והחלפה לאוטובוס אדום (Red Line) לפארק.",הר פוג'י (גיחה),10:00 - 13:00,חצי יום,,חינם,**🚨 חובה להזמין מראש כרטיסי אוטובוס בינארוני.**,https://www.japan-guide.com/e/e6906.html,≈ שעה ו-40 דקות משינג'וקו,https://www.google.com/maps/dir/?api=1&origin=Kawaguchiko+Station&destination=Oishi+Park,,,✓ מצלמה
🌋,האקונה (חלופה),20-21/10,Owakudani Volcanic Valley,⭐⭐⭐ אם יש זמן,"Hakone, Kanagawa",☀️ שמש / ☁️ מעונן (ללא ערפל),"העמק הוולקני:
• סיור בין פתחי גופרית מעשנים בפסגת ההר, וטעימת הביצים השחורות.

💡 Plan B ערפל:
אם הראות אפסית, המשך ישירות באוטובוס למלון.",תחנת Owakudani הממוקמת על מסלול רכבל האקונה (Hakone Ropeway).,האקונה - הרים,14:00 - 15:30,שעה וחצי,,כלול ברכבל,**🚶‍♂️ כלול אוטומטית בנסיעת הרכבל.**,https://www.japan-guide.com/e/e5203.html,ממוקם על תוואי הרכבל,https://www.google.com/maps/dir/?api=1&origin=Sounzan+Station&destination=Owakudani,🚨 ערפל ⭐⭐⭐⭐,⚠️ שירותים,✓ ז'קט עליון (קר בפסגה)
🛍️,האקונה (חלופה),20-21/10,Gotemba Premium Outlets,⭐⭐⭐ אם יש זמן,"Gotemba, Shizuoka",☀️ שמש / ☁️ מעונן,"מתחם האאוטלט הגדול ביפן:
• מותגים בינלאומיים וגאדג'טים עם נוף להר פוג'י.

💡 Plan B גשם:
מתחם פתוח בחלקו עם קירויים. הצטייד במטריה.","אוטובוס חינמי מתחנת Gotemba, או קווי אוטובוס ישירים מאזור אגם אשי.",האקונה / פוג'י,10:00 - 15:00,4 שעות,,לפי קנייה,**🚶‍♂️ הצג דרכון זר בדלפק המידע לפטור ממס.**,https://www.premiumoutlets.co.jp/en/gotemba/,≈ לפי מיקום עדכני,https://www.google.com/maps/dir/?api=1&origin=Togendai+Station&destination=Gotemba+Premium+Outlets,,⚠️ שירותים,✓ דרכון פיזי (לפטור ממס) | ✓ כרטיס אשראי
🚠,ביווה (חלופה),21-22/10,Biwako Terrace / Biwako Valley,⭐⭐⭐ אם יש זמן,"Otsu, Shiga",☀️ שמש (ראות טובה),"מתחם ביוואקו טראס:
• תצפית אדריכלית מפסגת ההר (עלייה ברכבל) המשקיפה על אגם ביווה (נקי מסמלי דת).

💡 Plan B ערפל/רוח:
אם יש רוחות הרכבל מושבת - בדוק מצלמת רשת בבוקר.","רכבת מקומית (JR Kosei) מקיוטו לתחנת Shiga Station, ואוטובוס קצר (קו 68) לרכבל.",אגם ביווה,10:00 - 13:00,3 שעות,,"90 ₪ (~4,800 ¥)",**🚶‍♂️ תשלום במקום: קניית כרטיס בקופות הרכבל.**,https://www.biwako-valley.com/en/,≈ 45 דקות מקיוטו,https://www.google.com/maps/dir/?api=1&origin=Shiga+Station&destination=Biwako+Valley,,⚠️ שירותים,✓ סוודר/מעיל (הפסגה גבוהה וקרה)
🌸,קיוטו (חלופה),23-25/10,Philosopher's Path,⭐⭐⭐ אם יש זמן,"Sakyo Ward, Kyoto",☀️ שמש / ☁️ מעונן,"שביל הפילוסופים:
• מסלול הליכה פסטורלי לאורך תעלה עתיקה. (חילוני לחלוטין וללא כניסה למבני דת). מושלם להתנתקות בשבת בצהריים.",הליכה רגלית לאורך נתיב השביל במזרח קיוטו.,קיוטו - מזרח,14:00 - 16:00,שעתיים,,חינם,**🚶‍♂️ אין צורך להזמין מראש.**,https://www.japan-guide.com/e/e3906.html,≈ לפי מיקום עדכני,https://www.google.com/maps/dir/?api=1&origin=Nanzen-ji+Temple&destination=Philosopher's+Path,,⚠️ שירותים,✓ נעלי הליכה נוחות
🛶,קיוטו (חלופה),23-25/10,Hozugawa River Boat Ride,⭐⭐⭐ אם יש זמן,"Kameoka, Kyoto",☀️ שמש / ☁️ מעונן,"שייט קמאוקה-אראשייאמה:
• סירות עץ מסורתיות ויורדים באשדות נהר ההוזו הגועש.

💡 Plan B גשם כבד:
השייט מבוטל בטיחותית, הגיבוי הוא נסיעה רגילה ברכבת.","רכבת JR Sagano מתחנת קיוטו לתחנת Kameoka, והליכה למזח.",קיוטו - הרים,10:00 - 12:00,שעתיים שייט,,"120 ₪ (~6,450 ¥)",**🚨 חובה להזמין מראש דרך Klook!**,https://www.klook.com/,≈ 35 דקות ברכבת,https://www.google.com/maps/dir/?api=1&origin=Kameoka+Station+Kyoto&destination=Hozugawa+River+Boat+Ride,🚨 גשם ⭐⭐⭐⭐⭐,⚠️ שירותים,✓ בגדים שניתן להרטיב | ✓ מצלמה עם הגנה למים
🚂,קיוטו (חלופה),23-25/10,Kyoto Railway Museum,⭐⭐⭐⭐ מומלץ,"Shimogyo Ward, Kyoto",הכל (מקורה),"מוזיאון הרכבות:
• מציג את התפתחות רכבות השינקנסן, סימולטורים ורובוטיקה (חילוני לחלוטין).

💡 Plan B גשם:
יעד מקורה מושלם.","הליכה מתונה מתחנת קיוטו המרכזית או אוטובוס.
[יציאה מומלצת: תחנת JR Umekoji-Kyotonishi]",קיוטו - מרכז,10:00 - 13:00,3 שעות,לבדוק ימי תחזוקה,"35 ₪ (~1,900 ¥)",**💡 מומלץ להזמין מראש ב-Klook לחיסכון בתור.**,https://www.kyotorailwaymuseum.jp/en/,≈ 15 דקות הליכה/אוטובוס מהתחנה,https://www.google.com/maps/dir/?api=1&origin=Kyoto+Station&destination=Kyoto+Railway+Museum,,⚠️ שירותים,✓ סקרנות טכנולוגית
🏮,קיוטו (חלופה),23-25/10,Shirakawa Lane & Gion,⭐⭐⭐ אם יש זמן,"Higashiyama Ward, Kyoto",🌃 לילה,"סמטת שירקאווה הציורית:
• שיטוט לילה לאורך תעלת המים (חילוני לחלוטין ללא מקדשים).",הליכה קצרה צפונה מרחוב Shijo Dori בגיון.,קיוטו - גיון,18:00 - 19:30,שעה וחצי,,חינם,**🚶‍♂️ סיור שביל ציבורי פתוח.**,https://www.japan-guide.com/e/e3902.html,≈ 10 דקות הליכה בתוך גיון,https://www.google.com/maps/dir/?api=1&origin=Gion-Shijo+Station&destination=Shirakawa+Lane,,⚠️ שירותים,✓ מצלמה מותאמת ללילה
🏯,אוסקה (חלופה),25-28/10,Osaka Castle Park,⭐⭐⭐ אם יש זמן,"Chuo Ward, Osaka",☀️ שמש / ☁️ מעונן,"פארק טירת אוסקה:
• מרחבי דשא וחומות אבן אדירות (חילוני לחלוטין, ללא מחסומים אלקטרוניים).","תחתית Tanimachi לתחנת Tanimachi 4-chome.
[יציאה מומלצת: יציאה 1-B]",אוסקה - מרכז,10:00 - 12:00,שעתיים,,חינם (לפארק),**🚶‍♂️ כניסה פתוחה לפארק הציבורי.**,https://www.japan-guide.com/e/e4000.html,≈ לפי מיקום עדכני,https://www.google.com/maps/dir/?api=1&origin=Tanimachi+4-chome+Station&destination=Osaka+Castle+Park,,,✓ נעלי הליכה | ✓ כובע
🦈,אוסקה (חלופה),25-28/10,Osaka Aquarium Kaiyukan,⭐⭐⭐ אם יש זמן,"Minato Ward, Osaka",הכל (מקורה),"אקווריום קאיוקאן:
• כרישי לוויתן במיכל עצום.

💡 Plan B גשם:
מקום סגור, ממוזג ומושלם ליום גשום.","קו 🔵 Chuo Line מערבה לתחנת Osakako.
[יציאה מומלצת: יציאה 1]",אוסקה - מפרץ,13:00 - 15:30,שעתיים וחצי,,"70 ₪ (~3,800 ¥)",**🚨 חובה להזמין ב-Klook!**,https://www.klook.com/,≈ לפי מיקום עדכני,https://www.google.com/maps/dir/?api=1&origin=Osakako+Station&destination=Osaka+Aquarium+Kaiyukan,,⚠️ שירותים,✓ סוללה טעונה
🎮,אוסקה (חלופה),25-28/10,Round One Stadium (Spo-Cha),⭐⭐⭐⭐ מומלץ,"Namba, Osaka",הכל (מקורה),"מתחם ה-Spo-Cha (Round One):
• תשלום חד-פעמי לזמן (3 שעות) לגישה חופשית למאות מכונות גיימינג, ארקייד, מטווחים וספורט ללא אסימונים.",הליכה קצרה מדוטונבורי או תחנת Namba.,אוסקה - נאמבה,14:00 - 17:00,3 שעות,,"75 ₪ (~4,000 ¥)",**🚶‍♂️ תשלום במכונות הקבלה במקום.**,https://www.round1.co.jp/,≈ 10 דקות הליכה מנאמבה,https://www.google.com/maps/dir/?api=1&origin=Namba+Station+Osaka&destination=Round+One+Stadium+Sennichimae,,⚠️ שירותים,✓ נעליים וביגוד ספורטיבי נוח
🛍.,אוסקה (חלופה),25-28/10,Rinku Premium Outlets,⭐⭐⭐ אם יש זמן,"Izumisano, Osaka",☀️ שמש / ☁️ מעונן,"אאוטלט יוקרתי וענק ליד שדה התעופה קנסאי (KIX).
• מעולה להשלמות ביגוד במחירים זולים.","רכבת Nankai Airport מתחנת Namba לתחנת Rinku Town.
[יציאה מומלצת: Main Exit]",אוסקה - דרום (שדה),10:00 - 14:00,4 שעות,,לפי קנייה,**🚶‍♂️ הצג דרכון בכניסה לפטור ממס.**,https://www.premiumoutlets.co.jp/en/rinku/,≈ 45 דקות מנאמבה ברכבת,https://www.google.com/maps/dir/?api=1&origin=Namba+Station+Osaka&destination=Rinku+Premium+Outlets,,⚠️ שירותים,✓ דרכון פיזי
🌎,אוסקה (חלופה),25-28/10,Universal Studios Japan (USJ),⭐⭐⭐⭐⭐ חובה,"Konohana Ward, Osaka",☀️ שמש / ☁️ מעונן,"פארק השעשועים (USJ):
• עולמות נינטנדו (AR), הארי פוטר ורכבות הרים.

💡 Plan B גשם:
חלק מהמתקנים החיצוניים נסגרים.",רכבת JR Yumesaki מתחנת Nishikujo לתחנת Universal City.,אוסקה - מפרץ,08:30 - 20:00,יום שלם,,"230 ₪ (~12,400 ¥)",**🚨 חובה להזמין ב-Klook חודש וחצי מראש!**,https://www.klook.com/,≈ 35 דקות ברכבת מנאמבה,https://www.google.com/maps/dir/?api=1&origin=Namba+Station+Osaka&destination=Universal+Studios+Japan,🚨 עומס כבד ⭐⭐⭐⭐⭐,⚠️ שירותים,✓ כיסים נסגרים לאקסטרים | ✓ פאוץ' קטן ונוח | ✓ נעלי הליכה חזקות
🦖,קובה (חלופה),גיחה מאוסקה,Nijigen no Mori (Godzilla Zipline),⭐⭐⭐⭐ מומלץ,"Awaji Island, Hyogo",☀️ שמש / ☁️ מעונן,"פארק האנימה ניג'יגן נו מורי:
• אומגת אקסטרים (Zip-line) היישר לתוך לוע של גודזילה!",אוטובוס מהיר (Highway Bus) מ-Umeda/Namba ישירות לפארק.,האי אוואג'י / קובה,10:00 - 15:00,חצי יום,,"100 ₪ (אומגה) (~5,400 ¥)",**🚨 חובה להזמין כרטיס אומגה מראש דרך Klook!**,https://www.klook.com/,≈ שעה וחצי אוטובוס,https://www.google.com/maps/dir/?api=1&origin=Osaka+Station&destination=Nijigen+no+Mori,,⚠️ שירותים,✓ נעליים סגורות לחלוטין | ✓ בגדים ללא פריטים מתעופפים
🚠,קובה (חלופה),גיחה מאוסקה,Kobe Nunobiki Herb Gardens & Ropeway,⭐⭐⭐ אם יש זמן,"Kobe, Hyogo",☀️ שמש (ראות טובה),"הרכבל של קובה:
• תצפית על המפרץ, וירידה רגלית בין גני תבלינים ומפלי מים (Nunobiki Falls).",הליכה קצרה מתחנת הרכבת Shin-Kobe אל תחנת הרכבל.,קובה - צפון,09:30 - 12:30,3 שעות,,"50 ₪ (~2,700 ¥)",**🚶‍♂️ תשלום במקום: בקופות הרכבל.**,https://www.japan-guide.com/e/e3563.html,≈ לפי מיקום עדכני,https://www.google.com/maps/dir/?api=1&origin=Shin-Kobe+Station&destination=Kobe+Nunobiki+Ropeway,,⚠️ שירותים,✓ נעלי הליכה (הירידה במורד ההר)
🏍.,קובה (חלופה),גיחה מאוסקה,Kawasaki Good Times World,⭐⭐⭐ אם יש זמן,"Kobe, Hyogo",הכל (מקורה),"מוזיאון הטכנולוגיה קוואסאקי:
• מציג מסוקי קרב, מנועי סילון וסימולטורים של אופנועים.",הליכה מתחנת JR Motomachi לכיוון הנמל.,קובה - נמל,14:00 - 16:00,שעתיים,,16 ₪ (~860 ¥),**🚶‍♂️ תשלום במקום: בקופות המוזיאון.**,https://www.khi.co.jp/kawasakiworld/english/,≈ לפי מיקום עדכני,https://www.google.com/maps/dir/?api=1&origin=Motomachi+Station+Kobe&destination=Kawasaki+Good+Times+World,,⚠️ שירותים,✓ התעניינות ברובוטיקה וסילון
🎡,קובה (חלופה),גיחה מאוסקה,Kobe Harborland & Nankin-machi,⭐⭐⭐ אם יש זמן,"Kobe, Hyogo",🌃 לילה / שקיעה,"הנמל של קובה (Harborland) וצ'יינה-טאון:
• צפייה בשקיעה מול מגדל פורט טאואר, והליכה לסיור ערב ברובע צ'יינה-טאון התוסס (חילוני).",הליכה רגלית נוחה לאורך הטיילת.,קובה - מרכז,17:30 - 20:00,שעתיים וחצי,,חינם (ללא אוכל),**🚶‍♂️ אין צורך להזמין מראש.**,https://www.japan-guide.com/e/e3552.html,≈ לפי מיקום עדכני,https://www.google.com/maps/dir/?api=1&origin=Kawasaki+Good+Times+World&destination=Kobe+Harborland,,⚠️ שירותים,✓ מזומן דק לאוכל רחוב
🤖,קובה (חלופה),גיחה מאוסקה,Tetsujin 28-go Monument (Wakamatsu Park),⭐⭐⭐ אם יש זמן,"Kobe, Hyogo",☀️ שמש / ☁️ מעונן,"פסל הרובוט Tetsujin 28-go:
• אנדרטת מתכת עצומה של רובוט מירוץ ואנימה בגובה 18 מטרים! פתוח בחינם.","הליכה קצרה מתחנת הרכבת Shin-Nagata.
[יציאה מומלצת: West Exit]",קובה - מערב,10:00 - 10:30,חצי שעה,,חינם,**🚶‍♂️ הפארק פתוח ציבורית.**,https://www.feel-kobe.jp/en/facilities/detail/?code=0000000030,≈ לפי מיקום עדכני,https://www.google.com/maps/dir/?api=1&origin=Shin-Nagata+Station&destination=Tetsujin+28-go+Monument,,,✓ מצלמה מזווית נמוכה לצילום הרובוט
🪄,טוקיו (חלופה),14-19/10,Warner Bros. Studio Tour - Harry Potter,⭐⭐⭐⭐⭐ חובה,"Nerima City, Tokyo",הכל (מקורה),"הסטודיו הענק של הארי פוטר:
• סיור אפקטים חזותיים מורכבים, אנימטרוניקה ורובוטיקה.

💡 Plan B גשם:
מקורה לחלוטין וסגור.",קו Oedo או Seibu Ikebukuro לתחנת Toshimaen.,טוקיו - נרימה,09:00 - 14:00,4-5 שעות,שעות משתנות לפי היום,"160 ₪ (~8,600 ¥)",**🚨 חובה להזמין מראש: שבועות מראש באפליקציית Klook!**,https://www.klook.com/,≈ 40 דקות משינג'וקו,https://www.google.com/maps/dir/?api=1&origin=Shinjuku+Station&destination=Warner+Bros+Studio+Tour+Tokyo,,⚠️ שירותים,✓ נעליים סופר נוחות (ההליכה בפנים שעות!) | ✓ סוללה ניידת
🌊,מחוץ למסלול (חלופה),תלוי בזמן,Izu Peninsula,⭐⭐⭐ אם יש זמן,"Izu Peninsula, Shizuoka",☀️ שמש בלבד,אזור הצלילה המומלץ: חצי האי איזו (Izu Peninsula). מעולה לשילוב צלילות אם יש זמן פנוי במסלול.,רכבת מהירה (Odoriko) מטוקיו או שינקנסן לאטאמי (Atami).,מחוץ לטוקיו,08:00 - 17:00,יום שלם,דורש תכנון יום שלם,תלוי צלילה/תחבורה,**🚨 חובה להזמין מועדון צלילה מראש.**,https://www.japan-guide.com/e/e6310.html,≈ שעתיים נסיעה מטוקיו,https://www.google.com/maps/dir/?api=1&origin=Tokyo+Station&destination=Izu+Peninsula,,⚠️ שירותים,✓ ציוד צלילה אישי / בגד ים
🎌,טוקיו (חלופה),בזמן התערוכה,Tokyo International Anime Fair,⭐⭐⭐⭐ מומלץ,"Tokyo Big Sight, Koto City",הכל (מקורה),יריד האנימה הבינלאומי של טוקיו - אטרקציית חובה במידה והתאריכים חופפים לתערוכה.,רכבת Yurikamome לתחנת Tokyo Big Sight.,טוקיו,10:00 - 17:00,4 שעות,מתקיים בתאריכים ספציפיים בלבד,"כ-60 ₪ (~3,000 ¥)",**🚨 חובה להזמין כרטיס מראש באתר הכנס.**,https://www.anime-japan.jp/en/,≈ 40 דקות מטוקיו,https://www.google.com/maps/dir/?api=1&origin=Tokyo+Station&destination=Tokyo+Big+Sight,🚨 עומס כבד ⭐⭐⭐⭐⭐,⚠️ שירותים,✓ נעלי הליכה | ✓ תיק ריק למרצ'נדייז
🌃,טוקיו (חלופה),14-19/10,Ginza Night Walk,⭐⭐⭐ אם יש זמן,"Ginza, Chuo City, Tokyo",🌃 לילה / ראות טובה,טייל רגלית ברחובות גינזה המוארים (מבחוץ בלבד).,"רכבת תחתית לתחנת Ginza (קווים Ginza, Marunouchi, Hibiya).",טוקיו - גינזה,19:00 - 21:00,שעתיים,,חינם,**🚶‍♂️ אין צורך להזמין מראש.**,https://www.japan-guide.com/e/e3005.html,≈ 15 דקות,https://www.google.com/maps/dir/?api=1&origin=Tokyo+Station&destination=Ginza+Station,,,✓ מצלמה
⛩️,קיוטו (חלופה),23-25/10,Kiyomizu-dera,⭐⭐⭐⭐ מומלץ,"Higashiyama Ward, Kyoto",☀️ שמש / ☁️ מעונן,מקדש קיומיזו-דרה המפורסם בקיוטו עם תצפית מעץ.,אוטובוס (קווים 100 או 206) מתחנת קיוטו לתחנת Gojo-zaka והליכה תלולה בעלייה.,קיוטו - מזרח,06:00 - 18:00,שעתיים,עמוס מאוד בצהריים,כ-15 ₪ (~400 ¥),**🚶‍♂️ תשלום בקופות במקום.**,https://www.kiyomizudera.or.jp/en/,≈ 30 דקות מקיוטו,https://www.google.com/maps/dir/?api=1&origin=Kyoto+Station&destination=Kiyomizu-dera,🚨 עומס כבד ⭐⭐⭐⭐,⚠️ שירותים,✓ נעלי הליכה לעלייה התלולה
🗻,פוג'י (חלופה),14-19/10,Arakurayama Sengen Park,⭐⭐⭐⭐⭐ חובה,"Fujiyoshida, Yamanashi",☀️ שמש (ראות פוג'י),פארק אראקוראיאמה סנגן: הנוף האייקוני של הפגודה (Chureito) עם הר פוג'י ברקע. מצריך עלייה של כ-400 מדרגות.,נסיעה ברכבת מתחנת Kawaguchiko לתחנת Shimoyoshida והליכה רגלית.,פוג'י / חמשת האגמים,08:00 - 10:00,שעה וחצי,לבוא מוקדם בבוקר,חינם,**🚶‍♂️ כניסה חופשית לפארק.**,https://www.japan-guide.com/e/e6917.html,≈ 20 דקות מקוואגוצ'יקו,https://www.google.com/maps/dir/?api=1&origin=Kawaguchiko+Station&destination=Arakurayama+Sengen+Park,,⚠️ שירותים,✓ כושר לעליית מדרגות | ✓ מצלמה
🏙️,טוקיו (חלופה),14-19/10,KITTE Observation Deck,⭐⭐⭐⭐ מומלץ,"Marunouchi, Chiyoda City",🌃 לילה,סיום הערב באוויר הפתוח במרפסת תצפית KITTE (קומה 6) מול הנוף של תחנת טוקיו המוארת.,צמוד לחלוטין ליציאה הדרומית (Marunouchi South Exit) של תחנת Tokyo.,טוקיו - מרכז,21:00 - 22:00,45 דקות,,חינם,**🚶‍♂️ כניסה חופשית לבניין ולמרפסת.**,https://marunouchi.jp-kitte.jp/gb/,≈ 2 דקות הליכה,https://www.google.com/maps/dir/?api=1&origin=Tokyo+Station&destination=KITTE+Marunouchi,,⚠️ שירותים,✓ ז'קט (קריר במרפסת בחוץ)
♨️,האקונה (חלופה),20-21/10,Hakone Yuryo,⭐⭐⭐⭐ מומלץ,"Tonosawa, Hakone",הכל,אונסן מסורתי (מעיין חם) ומעוצב בסגנון כפרי לטבילה מרגיעה בסיום היום. אפשרות לשכירת חדר פרטי.,שאטל חינמי שיוצא כל 15 דקות מתחנת הרכבת Hakone-Yumoto.,האקונה,16:00 - 18:00,שעתיים,אוסר קעקועים (באזור הציבורי),"כ-40 ₪ (~2,000 ¥)",**🚶‍♂️ תשלום בקבלה במקום.** (לחדר פרטי רצוי להזמין מראש).,https://www.hakoneyuryo.jp/english/,≈ 10 דקות בשאטל,https://www.google.com/maps/dir/?api=1&origin=Hakone-Yumoto+Station&destination=Hakone+Yuryo,,⚠️ שירותים,✓ מגבת אישית (או לשכור במקום)
🎋,קיוטו (חלופה),23-25/10,Kimono Forest,⭐⭐⭐⭐ מומלץ,"Arashiyama, Kyoto",🌃 לילה,הליכה פסטורלית בין כ-600 עמודי תאורה מעוצבים בבדי קימונו מסורתיים שנדלקים בשעות הערב. סגירה מושלמת באראשיאמה.,ממוקם ישירות בתוך תחנת הרכבת Randen Arashiyama Station.,קיוטו - אראשיאמה,18:00 - 18:45,45 דקות,,חינם,"**🚶‍♂️ אין צורך להזמין, שטח פתוח בתחנה.**",https://www.discoverkyoto.com/places-go/kimono-forest/,≈ 5 דקות הליכה,https://www.google.com/maps/dir/?api=1&origin=Arashiyama+Bamboo+Grove&destination=Kimono+Forest,,⚠️ שירותים,✓ מצלמה מותאמת לתאורת לילה
🎡,אוסקה (חלופה),25-28/10,Redhorse Osaka Wheel,⭐⭐⭐ אם יש זמן,"Suita, Osaka",☀️ שמש / ראות טובה,הגלגל הענק הגבוה ביפן (123 מטר) עם רצפה שקופה לחלוטין! ממוקם בקרבת פארק אקספו.,הליכה קצרה מתחנת המונורייל Bampaku-Kinen-Koen (סמוך ל-VS PARK).,אוסקה - סויטה,15:30 - 16:30,שעה,,"כ-20 ₪ (~1,000 ¥)",**🚶‍♂️ רכישת כרטיס בקופות למטה.**,https://osaka-wheel.com/,≈ 10 דקות הליכה,https://www.google.com/maps/dir/?api=1&origin=Bampaku-Kinen-Koen+Station&destination=Redhorse+Osaka+Wheel,,⚠️ שירותים,✓ ללא פחד גבהים (רצפה שקופה)
🏞️,ביווה (חלופה),21-22/10,Lake Biwa,⭐⭐⭐ אם יש זמן,"Otsu, Shiga",☀️ שמש / ☁️ מעונן,אגם ביווה (Lake Biwa): האגם הגדול ביפן. נסיעת בוקר קצרה לטיול פסטורלי ורגוע לחופי האגם.,רכבת JR Tokaido Line מאוסקה/קיוטו לתחנת Otsu או Zeze.,אזור קיוטו/אוסקה,08:00 - 10:30,שעתיים וחצי,,חינם (מלבד נסיעות),**🚶‍♂️ אזור פתוח.**,https://en.biwako-visitors.jp/,≈ 40 דקות מאוסקה,https://www.google.com/maps/dir/?api=1&origin=Osaka+Station&destination=Lake+Biwa,,,✓ נעלי הליכה נוחות
🌊,קיוטו (חלופה),23-25/10,Keage Water Intake (Lake Biwa Canal),⭐⭐⭐⭐ מומלץ,"Sakyo Ward, Kyoto",☀️ שמש / ☁️ מעונן,"תחנת הכוח של קיוטו ותעלת ביווה: אזור פתוח, חינמי והיסטורי עם נוף יפה לתעלות המים ולמבני לבנים עתיקים. מסלול מושלם ומומלץ להליכת שבת באזור חב""ד קיוטו ללא חילול שבת וללא מקדשים.","הליכה רגלית מאזור גיון / חב""ד, או נסיעה בתחתית לתחנת Keage בימי חול.
[יציאה מומלצת: יציאה 1]",קיוטו - מזרח,10:00 - 12:00,שעה וחצי,פתוח 24/7,חינם,**🚶‍♂️ מסלול פתוח לציבור (מצוין לשבת).**,https://www.japan-guide.com/e/e3950.html,≈ 20 דקות הליכה מגיון,https://www.google.com/maps/dir/?api=1&origin=Chabad+Kyoto&destination=Keage+Water+Intake,,,✓ הליכה רגועה לשבת
🛍️,טוקיו (חלופה),14-19/10,Kappabashi Dogu Street,⭐⭐⭐ אם יש זמן,"Kappabashi, Taito City, Tokyo",☀️ שמש / ☁️ מעונן,"רחוב הכלים המקצועיים של טוקיו:
• חנויות סכיני שף יפניות מפלדת דמשק ודגמי אוכל מפלסטיק.","הליכה מתחנת Tawaramachi (קו Ginza).",טוקיו - אסאקוסה,12:00 - 14:00,שעתיים,,חינם,🚶‍♂️ אין צורך להזמין.,https://www.japan-guide.com/e/e3020.html,≈ לפי מיקום עדכני,https://www.google.com/maps/dir/?api=1&origin=Ueno+Station&destination=Kappabashi+Dogu+Street,,⚠️ שירותים,✓ מזומן
🧸,טוקיו (חלופה),14-19/10,Yamashiroya,⭐⭐⭐⭐ מומלץ,"6-14-6 Ueno, Taito City, Tokyo",הכל (מקורה),"חנות צעצועים ואנימה בת 7 קומות באואנו:
• פיגרים, גאדג'טים ופופ-קאלצ'ר ישר מול התחנה.",ממש מול Ueno Station (יציאה דרומית).,טוקיו - אואנו,10:00 - 12:00,שעה-שעתיים,,לפי קנייה,🚶‍♂️ אין צורך להזמין.,https://e-yamashiroya.com/,≈ 2 דקות מתחנת אואנו,https://www.google.com/maps/dir/?api=1&origin=Ueno+Station&destination=Yamashiroya,,⚠️ שירותים,✓ דרכון פיזי
🎮,טוקיו (חלופה),14-19/10,Taito Station Ueno Ameyoko,⭐⭐⭐⭐ מומלץ,"4-10-17 Ueno, Taito City, Tokyo",הכל (מקורה),"ארקייד גיימינג אקטיבי ענק:
• סימולטורים של נהיגה, משחקי קצב ומנופי בובות. בתוך שוק אמי-יוקו.",נמצא ברחוב אמי-יוקו עצמו (ליד תחנת אואנו).,טוקיו - אואנו,10:00 - 12:00,שעה,,לפי משחק,🚶‍♂️ אין צורך להזמין.,https://www.taito.co.jp/store/00001880,≈ 5 דקות מאואנו,https://www.google.com/maps/dir/?api=1&origin=Ueno+Station&destination=Taito+Station+Ueno+Ameyoko,,⚠️ שירותים,✓ מטבעות 100 ין
🔬,טוקיו (חלופה),14-19/10,National Museum of Nature and Science,⭐⭐⭐⭐ מומלץ,"7-20 Uenokoen, Taito City, Tokyo",הכל (מקורה),"מוזיאון למדע וחלל:
• חקר החלל היפני, התפתחות הטכנולוגיה ורובוטיקה.","בתוך פארק אואנו, ליד תחנת Ueno.",טוקיו - אואנו,10:00 - 13:00,3 שעות,,כ-15 ₪ (~620 ¥),🚶‍♂️ תשלום בקופה במקום.,https://www.kahaku.go.jp/english/,≈ 5 דקות הליכה בפארק,https://www.google.com/maps/dir/?api=1&origin=Ueno+Station&destination=National+Museum+of+Nature+and+Science,,⚠️ שירותים,✓ זמן פנוי
💻,טוקיו (חלופה),14-19/10,Yodobashi Camera Multimedia Ueno,⭐⭐⭐⭐ מומלץ,"4-9-14 Ueno, Taito City, Tokyo",הכל (מקורה),"השלמות טכנולוגיה וגאדג'טים:
• סניף ענק מול התחנה באואנו.","צמוד לתחנת Ueno (יציאה מרכזית).",טוקיו - אואנו,10:00 - 12:00,שעה,,לפי קנייה,🚶‍♂️ הגעה חופשית.,https://www.yodobashi.com/ec/store/0013/,≈ דקת הליכה מתחנת אואנו,https://www.google.com/maps/dir/?api=1&origin=Ueno+Station&destination=Yodobashi+Camera+Ueno,,⚠️ שירותים,✓ כרטיס אשראי ודרכון
👾,טוקיו (חלופה),14-19/10,Akihabara Round 2,⭐⭐⭐⭐ מומלץ,"Akihabara, Tokyo",הכל (מקורה),"סיבוב השלמות מהיר באקיהברה:
• קפיצה קצרה של 2 תחנות מאואנו לרכיבי PC ומשחקי רטרו.","נסיעה קצרה בקו Yamanote מתחנת Ueno ל-Akihabara.",טוקיו - אקיהברה,10:00 - 13:00,שעתיים-שלוש,,חינם,🚶‍♂️ הגעה חופשית.,https://www.japan-guide.com/e/e3003.html,≈ 5 דקות ברכבת,https://www.google.com/maps/dir/?api=1&origin=Ueno+Station&destination=Akihabara+Station,,⚠️ שירותים,✓ תיק פנוי להשלמות
📱,כללי,כל הטיול,Iosys (איוסיס),⭐⭐⭐⭐ מומלץ,Akihabara / Denden Town,הכל (מקורה),רשת חנויות האלקטרוניקה Iosys - הכי זול ומומלץ לפלאפונים וטאבלטים (חדש ומשומש).,"Akihabara בטוקיו, או Denden Town באוסקה.",קניות,10:00 - 12:00,שעה,,לפי קנייה,הגעה חופשית.,https://iosys.co.jp/,≈ 5 דקות מהתחנה,https://www.google.com/maps/search/?api=1&query=Iosys,,⚠️ שירותים,✓ דרכון פיזי לפטור ממס
🛒,כללי,כל הטיול,Aeon Mall / Seijo Ishii,⭐⭐⭐⭐ מומלץ,בכל עיר,הכל (מקורה),"איפה קונים? חפש בגוגל מפות את הרשתות הגדולות בכל עיר: Aeon Mall (רשת ענקית וזולה) או Seijo Ishii (סופרמרקט פרימיום, יקר יותר אבל איכותי מאוד).",זמין ברחבי יפן.,קניות / סופרמרקט,18:00 - 20:00,שעה,,לפי צריכה,הגעה חופשית.,Aeon / Seijo Ishii,≈ לפי מיקום,https://www.google.com/maps/search/?api=1&query=Aeon+Mall,,⚠️ שירותים,✓ שקיות רב פעמיות
🏯,קיוטו (חלופה),23-25/10,Uzumasa Kyoto Village,⭐⭐⭐ אם יש זמן,"Uzumasa, Kyoto",☀️ שמש / ☁️ מעונן,"מתחם בידור ותרבות חדש (פיתוח של אזור טואי) המשלב רחובות מסורתיים, קניות, אוכל וחוויות תרבותיות בהשראת קיוטו העתיקה.","רכבת לתחנת Uzumasa או Uzumasa-Koryuji.",קיוטו - מערב,10:00 - 14:00,3-4 שעות,יעד עתידי / קונספט (פיתוח מחדש של אזור טואי),תלוי בפעילות,**🚶‍♂️ אין צורך להזמין כרגע (פרויקט פיתוח).**,https://toeieigamura.com/,≈ 30 דקות ממרכז קיוטו,https://www.google.com/maps/search/?api=1&query=Uzumasa+Kyoto,,⚠️ שירותים,✓ מצלמה | ✓ נעלי הליכה נוחות
🌳,פוקואוקה (חלופה),תלוי בזמן,The Gateway Park: Hakata Meiji,⭐⭐⭐ אם יש זמן,"Hakata Station Area, Fukuoka",☀️ שמש / ☁️ מעונן,"קומפלקס לייף-סטייל ענק וחדש ליד תחנת האקטה. כולל ריאות ירוקות על הגגות, אזורי קניות, מסעדות וארכיטקטורה המשלבת טבע בתוך העיר.",הליכה מתחנת Hakata.,פוקואוקה - האקטה,10:00 - 13:00,2-3 שעות,פיתוח עתידי/הדמיה,חינם (קניות ואוכל בתשלום),**🚶‍♂️ אין צורך להזמין מראש.**,-,≈ לפי מיקום עדכני,https://www.google.com/maps/search/?api=1&query=Hakata+Station+Fukuoka,,⚠️ שירותים,✓ זמן פנוי בפוקואוקה
🏙️,טוקיו (חלופה),14-19/10,Tokyo Dream Park,⭐⭐⭐ אם יש זמן,Tokyo,הכל (מקורה),"קונספט של פיתוח עירוני עתידני המשלב שימושים מעורבים (מסחר, בידור ופנאי) עם ארכיטקטורה מודרנית ומרחבים ירוקים.",תלוי במיקום הסופי (קונספט עתידי).,טוקיו,10:00 - 13:00,2-3 שעות,יעד עתידי / קונספט תכנוני,תלוי בפעילות,**🚶‍♂️ לא רלוונטי כרגע (בפיתוח).**,-,≈ לפי מיקום עדכני,https://www.google.com/maps/search/?api=1&query=Tokyo,,⚠️ שירותים,✓ מעקב אחר פתיחת הפרויקט
🏛️,טוקיו (חלופה),14-19/10,Edo-Tokyo Museum,⭐⭐⭐⭐ מומלץ,"Sumida City, Tokyo",הכל (מקורה),"מוזיאון אדו-טוקיו ההיסטורי לאחר שיפוץ מקיף (פתיחה מחודשת). חוקר את תרבות טוקיו המודרנית ואת תקופת אדו בעזרת דגמים עצומים ואותנטיים.","הליכה של 3 דקות מתחנת Ryogoku (קו Chuo-Sobu או Oedo).",טוקיו - סומידה,10:00 - 13:00,3 שעות,יש לוודא פתיחה סופית לקהל הרחב,"כ-16 ₪ (~600 ¥)",**🚶‍♂️ מומלץ לבדוק אפשרות רכישה מראש באתר.**,https://www.edo-tokyo-museum.or.jp/en/,≈ 15 דקות מאקיהברה,https://www.google.com/maps/search/?api=1&query=Edo-Tokyo+Museum,,⚠️ שירותים | ⚠️ לוקרים,✓ וידוא שהמוזיאון נפתח לקהל
🎢,טוקיו (חלופה),14-19/10,PokéPark KANTO,⭐⭐⭐⭐⭐ חובה,"Yomiuriland, Inagi, Tokyo",☀️ שמש / ☁️ מעונן,"הפארק הראשון בעולם של פוקימון במציאות (אמור להיפתח בפברואר 2026)!
• יער פוקימונים ענק (Pokemon Forest) שאפשר לשוטט בו, והעתק של העיר (Sedge Town). אינטראקציות חיות עם מאות פוקימונים!","רכבת Keio Line משינג'וקו לתחנת Keio-Yomiuri-Land, ומשם ברכבל (Gondola) או אוטובוס.",טוקיו - פרברים,10:00 - 16:00,חצי יום,פתיחה צפויה ב-2026 (יש לעקוב אחרי כרטיסים),לפי קנייה,**🚨 חובה לעקוב ולהזמין חודשים מראש באתר!**,https://www.pokepark-kanto.co.jp/ppark/top/index?languageKind=en_US,≈ 35 דקות משינג'וקו,https://www.google.com/maps/dir/?api=1&origin=Shinjuku+Station&destination=Yomiuriland,,⚠️ שירותים,✓ סוללה ניידת לאפליקציה הייעודית